-- Problematica 1


CREATE TABLE tipo_cliente (
	customer_id INTEGER PRIMARY KEY,
	cu_type TEXT NOT NULL DEFAULT CLASSIC
);

INSERT INTO `tipo_cliente` (`customer_id`)
VALUES
  (1),
  (2),
  (3),
  (4),
  (5),
  (6),
  (7),
  (8),
  (9),
  (10);
INSERT INTO `tipo_cliente` (`customer_id`)
VALUES
  (11),
  (12),
  (13),
  (14),
  (15),
  (16),
  (17),
  (18),
  (19),
  (20);
INSERT INTO `tipo_cliente` (`customer_id`)
VALUES
  (21),
  (22),
  (23),
  (24),
  (25),
  (26),
  (27),
  (28),
  (29),
  (30);
INSERT INTO `tipo_cliente` (`customer_id`)
VALUES
  (31),
  (32),
  (33),
  (34),
  (35),
  (36),
  (37),
  (38),
  (39),
  (40);
INSERT INTO `tipo_cliente` (`customer_id`)
VALUES
  (41),
  (42),
  (43),
  (44),
  (45),
  (46),
  (47),
  (48),
  (49),
  (50);
INSERT INTO `tipo_cliente` (`customer_id`)
VALUES
  (51),
  (52),
  (53),
  (54),
  (55),
  (56),
  (57),
  (58),
  (59),
  (60);
INSERT INTO `tipo_cliente` (`customer_id`)
VALUES
  (61),
  (62),
  (63),
  (64),
  (65),
  (66),
  (67),
  (68),
  (69),
  (70);
INSERT INTO `tipo_cliente` (`customer_id`)
VALUES
  (71),
  (72),
  (73),
  (74),
  (75),
  (76),
  (77),
  (78),
  (79),
  (80);
INSERT INTO `tipo_cliente` (`customer_id`)
VALUES
  (81),
  (82),
  (83),
  (84),
  (85),
  (86),
  (87),
  (88),
  (89),
  (90);
INSERT INTO `tipo_cliente` (`customer_id`)
VALUES
  (91),
  (92),
  (93),
  (94),
  (95),
  (96),
  (97),
  (98),
  (99),
  (100);
INSERT INTO `tipo_cliente` (`customer_id`)
VALUES
  (101),
  (102),
  (103),
  (104),
  (105),
  (106),
  (107),
  (108),
  (109),
  (110);
INSERT INTO `tipo_cliente` (`customer_id`)
VALUES
  (111),
  (112),
  (113),
  (114),
  (115),
  (116),
  (117),
  (118),
  (119),
  (120);
INSERT INTO `tipo_cliente` (`customer_id`)
VALUES
  (121),
  (122),
  (123),
  (124),
  (125),
  (126),
  (127),
  (128),
  (129),
  (130);
INSERT INTO `tipo_cliente` (`customer_id`)
VALUES
  (131),
  (132),
  (133),
  (134),
  (135),
  (136),
  (137),
  (138),
  (139),
  (140);
INSERT INTO `tipo_cliente` (`customer_id`)
VALUES
  (141),
  (142),
  (143),
  (144),
  (145),
  (146),
  (147),
  (148),
  (149),
  (150);
INSERT INTO `tipo_cliente` (`customer_id`)
VALUES
  (151),
  (152),
  (153),
  (154),
  (155),
  (156),
  (157),
  (158),
  (159),
  (160);
INSERT INTO `tipo_cliente` (`customer_id`)
VALUES
  (161),
  (162),
  (163),
  (164),
  (165),
  (166),
  (167),
  (168),
  (169),
  (170);
INSERT INTO `tipo_cliente` (`customer_id`)
VALUES
  (171),
  (172),
  (173),
  (174),
  (175),
  (176),
  (177),
  (178),
  (179),
  (180);
INSERT INTO `tipo_cliente` (`customer_id`)
VALUES
  (181),
  (182),
  (183),
  (184),
  (185),
  (186),
  (187),
  (188),
  (189),
  (190);
INSERT INTO `tipo_cliente` (`customer_id`)
VALUES
  (191),
  (192),
  (193),
  (194),
  (195),
  (196),
  (197),
  (198),
  (199),
  (200);
INSERT INTO `tipo_cliente` (`customer_id`)
VALUES
  (201),
  (202),
  (203),
  (204),
  (205),
  (206),
  (207),
  (208),
  (209),
  (210);
INSERT INTO `tipo_cliente` (`customer_id`)
VALUES
  (211),
  (212),
  (213),
  (214),
  (215),
  (216),
  (217),
  (218),
  (219),
  (220);
INSERT INTO `tipo_cliente` (`customer_id`)
VALUES
  (221),
  (222),
  (223),
  (224),
  (225),
  (226),
  (227),
  (228),
  (229),
  (230);
INSERT INTO `tipo_cliente` (`customer_id`)
VALUES
  (231),
  (232),
  (233),
  (234),
  (235),
  (236),
  (237),
  (238),
  (239),
  (240);
INSERT INTO `tipo_cliente` (`customer_id`)
VALUES
  (241),
  (242),
  (243),
  (244),
  (245),
  (246),
  (247),
  (248),
  (249),
  (250);
INSERT INTO `tipo_cliente` (`customer_id`)
VALUES
  (251),
  (252),
  (253),
  (254),
  (255),
  (256),
  (257),
  (258),
  (259),
  (260);
INSERT INTO `tipo_cliente` (`customer_id`)
VALUES
  (261),
  (262),
  (263),
  (264),
  (265),
  (266),
  (267),
  (268),
  (269),
  (270);
INSERT INTO `tipo_cliente` (`customer_id`)
VALUES
  (271),
  (272),
  (273),
  (274),
  (275),
  (276),
  (277),
  (278),
  (279),
  (280);
INSERT INTO `tipo_cliente` (`customer_id`)
VALUES
  (281),
  (282),
  (283),
  (284),
  (285),
  (286),
  (287),
  (288),
  (289),
  (290);
INSERT INTO `tipo_cliente` (`customer_id`)
VALUES
  (291),
  (292),
  (293),
  (294),
  (295),
  (296),
  (297),
  (298),
  (299),
  (300);
INSERT INTO `tipo_cliente` (`customer_id`)
VALUES
  (301),
  (302),
  (303),
  (304),
  (305),
  (306),
  (307),
  (308),
  (309),
  (310);
INSERT INTO `tipo_cliente` (`customer_id`)
VALUES
  (311),
  (312),
  (313),
  (314),
  (315),
  (316),
  (317),
  (318),
  (319),
  (320);
INSERT INTO `tipo_cliente` (`customer_id`)
VALUES
  (321),
  (322),
  (323),
  (324),
  (325),
  (326),
  (327),
  (328),
  (329),
  (330);
INSERT INTO `tipo_cliente` (`customer_id`)
VALUES
  (331),
  (332),
  (333),
  (334),
  (335),
  (336),
  (337),
  (338),
  (339),
  (340);
INSERT INTO `tipo_cliente` (`customer_id`)
VALUES
  (341),
  (342),
  (343),
  (344),
  (345),
  (346),
  (347),
  (348),
  (349),
  (350);
INSERT INTO `tipo_cliente` (`customer_id`)
VALUES
  (351),
  (352),
  (353),
  (354),
  (355),
  (356),
  (357),
  (358),
  (359),
  (360);
INSERT INTO `tipo_cliente` (`customer_id`)
VALUES
  (361),
  (362),
  (363),
  (364),
  (365),
  (366),
  (367),
  (368),
  (369),
  (370);
INSERT INTO `tipo_cliente` (`customer_id`)
VALUES
  (371),
  (372),
  (373),
  (374),
  (375),
  (376),
  (377),
  (378),
  (379),
  (380);
INSERT INTO `tipo_cliente` (`customer_id`)
VALUES
  (381),
  (382),
  (383),
  (384),
  (385),
  (386),
  (387),
  (388),
  (389),
  (390);
INSERT INTO `tipo_cliente` (`customer_id`)
VALUES
  (391),
  (392),
  (393),
  (394),
  (395),
  (396),
  (397),
  (398),
  (399),
  (400);
INSERT INTO `tipo_cliente` (`customer_id`)
VALUES
  (401),
  (402),
  (403),
  (404),
  (405),
  (406),
  (407),
  (408),
  (409),
  (410);
INSERT INTO `tipo_cliente` (`customer_id`)
VALUES
  (411),
  (412),
  (413),
  (414),
  (415),
  (416),
  (417),
  (418),
  (419),
  (420);
INSERT INTO `tipo_cliente` (`customer_id`)
VALUES
  (421),
  (422),
  (423),
  (424),
  (425),
  (426),
  (427),
  (428),
  (429),
  (430);
INSERT INTO `tipo_cliente` (`customer_id`)
VALUES
  (431),
  (432),
  (433),
  (434),
  (435),
  (436),
  (437),
  (438),
  (439),
  (440);
INSERT INTO `tipo_cliente` (`customer_id`)
VALUES
  (441),
  (442),
  (443),
  (444),
  (445),
  (446),
  (447),
  (448),
  (449),
  (450);
INSERT INTO `tipo_cliente` (`customer_id`)
VALUES
  (451),
  (452),
  (453),
  (454),
  (455),
  (456),
  (457),
  (458),
  (459),
  (460);
INSERT INTO `tipo_cliente` (`customer_id`)
VALUES
  (461),
  (462),
  (463),
  (464),
  (465),
  (466),
  (467),
  (468),
  (469),
  (470);
INSERT INTO `tipo_cliente` (`customer_id`)
VALUES
  (471),
  (472),
  (473),
  (474),
  (475),
  (476),
  (477),
  (478),
  (479),
  (480);
INSERT INTO `tipo_cliente` (`customer_id`)
VALUES
  (481),
  (482),
  (483),
  (484),
  (485),
  (486),
  (487),
  (488),
  (489),
  (490);
INSERT INTO `tipo_cliente` (`customer_id`)
VALUES
  (491),
  (492),
  (493),
  (494),
  (495),
  (496),
  (497),
  (498),
  (499),
  (500);


CREATE TABLE clientes(
	customer_id INTEGER PRIMARY KEY,
	customer_name TEXT NOT NULL,
	customer_surname TEXT NOT NULL,
	customer_DNI TEXT NOT NULL,
	dob TEXT,
	branch_id INTEGER NOT NULL,
    customer_type_id INTEGER,
	FOREIGN KEY (customer_type_id) REFERENCES tipo_cliente(customer_id) ON UPDATE CASCADE ON DELETE CASCADE
);
	
INSERT INTO CLIENTES(customer_type_id,customer_name,customer_surname,customer_DNI,dob,branch_id) SELECT * FROM cliente;

DROP TABLE CLIENTE;

ALTER TABLE clientes
RENAME TO 'cliente';

CREATE TABLE tipo_cuenta (
	account_id INTEGER PRIMARY KEY,
	ac_type TEXT NOT NULL DEFAULT 'Caja de ahorro en pesos'
);


INSERT INTO `tipo_cuenta` (`account_id`)
VALUES
  (1),
  (2),
  (3),
  (4),
  (5),
  (6),
  (7),
  (8),
  (9),
  (10);
INSERT INTO `tipo_cuenta` (`account_id`)
VALUES
  (11),
  (12),
  (13),
  (14),
  (15),
  (16),
  (17),
  (18),
  (19),
  (20);
INSERT INTO `tipo_cuenta` (`account_id`)
VALUES
  (21),
  (22),
  (23),
  (24),
  (25),
  (26),
  (27),
  (28),
  (29),
  (30);
INSERT INTO `tipo_cuenta` (`account_id`)
VALUES
  (31),
  (32),
  (33),
  (34),
  (35),
  (36),
  (37),
  (38),
  (39),
  (40);
INSERT INTO `tipo_cuenta` (`account_id`)
VALUES
  (41),
  (42),
  (43),
  (44),
  (45),
  (46),
  (47),
  (48),
  (49),
  (50);
INSERT INTO `tipo_cuenta` (`account_id`)
VALUES
  (51),
  (52),
  (53),
  (54),
  (55),
  (56),
  (57),
  (58),
  (59),
  (60);
INSERT INTO `tipo_cuenta` (`account_id`)
VALUES
  (61),
  (62),
  (63),
  (64),
  (65),
  (66),
  (67),
  (68),
  (69),
  (70);
INSERT INTO `tipo_cuenta` (`account_id`)
VALUES
  (71),
  (72),
  (73),
  (74),
  (75),
  (76),
  (77),
  (78),
  (79),
  (80);
INSERT INTO `tipo_cuenta` (`account_id`)
VALUES
  (81),
  (82),
  (83),
  (84),
  (85),
  (86),
  (87),
  (88),
  (89),
  (90);
INSERT INTO `tipo_cuenta` (`account_id`)
VALUES
  (91),
  (92),
  (93),
  (94),
  (95),
  (96),
  (97),
  (98),
  (99),
  (100);
INSERT INTO `tipo_cuenta` (`account_id`)
VALUES
  (101),
  (102),
  (103),
  (104),
  (105),
  (106),
  (107),
  (108),
  (109),
  (110);
INSERT INTO `tipo_cuenta` (`account_id`)
VALUES
  (111),
  (112),
  (113),
  (114),
  (115),
  (116),
  (117),
  (118),
  (119),
  (120);
INSERT INTO `tipo_cuenta` (`account_id`)
VALUES
  (121),
  (122),
  (123),
  (124),
  (125),
  (126),
  (127),
  (128),
  (129),
  (130);
INSERT INTO `tipo_cuenta` (`account_id`)
VALUES
  (131),
  (132),
  (133),
  (134),
  (135),
  (136),
  (137),
  (138),
  (139),
  (140);
INSERT INTO `tipo_cuenta` (`account_id`)
VALUES
  (141),
  (142),
  (143),
  (144),
  (145),
  (146),
  (147),
  (148),
  (149),
  (150);
INSERT INTO `tipo_cuenta` (`account_id`)
VALUES
  (151),
  (152),
  (153),
  (154),
  (155),
  (156),
  (157),
  (158),
  (159),
  (160);
INSERT INTO `tipo_cuenta` (`account_id`)
VALUES
  (161),
  (162),
  (163),
  (164),
  (165),
  (166),
  (167),
  (168),
  (169),
  (170);
INSERT INTO `tipo_cuenta` (`account_id`)
VALUES
  (171),
  (172),
  (173),
  (174),
  (175),
  (176),
  (177),
  (178),
  (179),
  (180);
INSERT INTO `tipo_cuenta` (`account_id`)
VALUES
  (181),
  (182),
  (183),
  (184),
  (185),
  (186),
  (187),
  (188),
  (189),
  (190);
INSERT INTO `tipo_cuenta` (`account_id`)
VALUES
  (191),
  (192),
  (193),
  (194),
  (195),
  (196),
  (197),
  (198),
  (199),
  (200);
INSERT INTO `tipo_cuenta` (`account_id`)
VALUES
  (201),
  (202),
  (203),
  (204),
  (205),
  (206),
  (207),
  (208),
  (209),
  (210);
INSERT INTO `tipo_cuenta` (`account_id`)
VALUES
  (211),
  (212),
  (213),
  (214),
  (215),
  (216),
  (217),
  (218),
  (219),
  (220);
INSERT INTO `tipo_cuenta` (`account_id`)
VALUES
  (221),
  (222),
  (223),
  (224),
  (225),
  (226),
  (227),
  (228),
  (229),
  (230);
INSERT INTO `tipo_cuenta` (`account_id`)
VALUES
  (231),
  (232),
  (233),
  (234),
  (235),
  (236),
  (237),
  (238),
  (239),
  (240);
INSERT INTO `tipo_cuenta` (`account_id`)
VALUES
  (241),
  (242),
  (243),
  (244),
  (245),
  (246),
  (247),
  (248),
  (249),
  (250);
INSERT INTO `tipo_cuenta` (`account_id`)
VALUES
  (251),
  (252),
  (253),
  (254),
  (255),
  (256),
  (257),
  (258),
  (259),
  (260);
INSERT INTO `tipo_cuenta` (`account_id`)
VALUES
  (261),
  (262),
  (263),
  (264),
  (265),
  (266),
  (267),
  (268),
  (269),
  (270);
INSERT INTO `tipo_cuenta` (`account_id`)
VALUES
  (271),
  (272),
  (273),
  (274),
  (275),
  (276),
  (277),
  (278),
  (279),
  (280);
INSERT INTO `tipo_cuenta` (`account_id`)
VALUES
  (281),
  (282),
  (283),
  (284),
  (285),
  (286),
  (287),
  (288),
  (289),
  (290);
INSERT INTO `tipo_cuenta` (`account_id`)
VALUES
  (291),
  (292),
  (293),
  (294),
  (295),
  (296),
  (297),
  (298),
  (299),
  (300);
INSERT INTO `tipo_cuenta` (`account_id`)
VALUES
  (301),
  (302),
  (303),
  (304),
  (305),
  (306),
  (307),
  (308),
  (309),
  (310);
INSERT INTO `tipo_cuenta` (`account_id`)
VALUES
  (311),
  (312),
  (313),
  (314),
  (315),
  (316),
  (317),
  (318),
  (319),
  (320);
INSERT INTO `tipo_cuenta` (`account_id`)
VALUES
  (321),
  (322),
  (323),
  (324),
  (325),
  (326),
  (327),
  (328),
  (329),
  (330);
INSERT INTO `tipo_cuenta` (`account_id`)
VALUES
  (331),
  (332),
  (333),
  (334),
  (335),
  (336),
  (337),
  (338),
  (339),
  (340);
INSERT INTO `tipo_cuenta` (`account_id`)
VALUES
  (341),
  (342),
  (343),
  (344),
  (345),
  (346),
  (347),
  (348),
  (349),
  (350);
INSERT INTO `tipo_cuenta` (`account_id`)
VALUES
  (351),
  (352),
  (353),
  (354),
  (355),
  (356),
  (357),
  (358),
  (359),
  (360);
INSERT INTO `tipo_cuenta` (`account_id`)
VALUES
  (361),
  (362),
  (363),
  (364),
  (365),
  (366),
  (367),
  (368),
  (369),
  (370);
INSERT INTO `tipo_cuenta` (`account_id`)
VALUES
  (371),
  (372),
  (373),
  (374),
  (375),
  (376),
  (377),
  (378),
  (379),
  (380);
INSERT INTO `tipo_cuenta` (`account_id`)
VALUES
  (381),
  (382),
  (383),
  (384),
  (385),
  (386),
  (387),
  (388),
  (389),
  (390);
INSERT INTO `tipo_cuenta` (`account_id`)
VALUES
  (391),
  (392),
  (393),
  (394),
  (395),
  (396),
  (397),
  (398),
  (399),
  (400);
INSERT INTO `tipo_cuenta` (`account_id`)
VALUES
  (401),
  (402),
  (403),
  (404),
  (405),
  (406),
  (407),
  (408),
  (409),
  (410);
INSERT INTO `tipo_cuenta` (`account_id`)
VALUES
  (411),
  (412),
  (413),
  (414),
  (415),
  (416),
  (417),
  (418),
  (419),
  (420);
INSERT INTO `tipo_cuenta` (`account_id`)
VALUES
  (421),
  (422),
  (423),
  (424),
  (425),
  (426),
  (427),
  (428),
  (429),
  (430);
INSERT INTO `tipo_cuenta` (`account_id`)
VALUES
  (431),
  (432),
  (433),
  (434),
  (435),
  (436),
  (437),
  (438),
  (439),
  (440);
INSERT INTO `tipo_cuenta` (`account_id`)
VALUES
  (441),
  (442),
  (443),
  (444),
  (445),
  (446),
  (447),
  (448),
  (449),
  (450);
INSERT INTO `tipo_cuenta` (`account_id`)
VALUES
  (451),
  (452),
  (453),
  (454),
  (455),
  (456),
  (457),
  (458),
  (459),
  (460);
INSERT INTO `tipo_cuenta` (`account_id`)
VALUES
  (461),
  (462),
  (463),
  (464),
  (465),
  (466),
  (467),
  (468),
  (469),
  (470);
INSERT INTO `tipo_cuenta` (`account_id`)
VALUES
  (471),
  (472),
  (473),
  (474),
  (475),
  (476),
  (477),
  (478),
  (479),
  (480);
INSERT INTO `tipo_cuenta` (`account_id`)
VALUES
  (481),
  (482),
  (483),
  (484),
  (485),
  (486),
  (487),
  (488),
  (489),
  (490);
INSERT INTO `tipo_cuenta` (`account_id`)
VALUES
  (491),
  (492),
  (493),
  (494),
  (495),
  (496),
  (497),
  (498),
  (499),
  (500);


CREATE TABLE cuentas(
	account_id INTEGER PRIMARY KEY,
	customer_id INTEGER NOT NULL,
	balance INTEGER NOT NULL,
	iban TEXT NOT NULL,
    account_type_id INTEGER,
	FOREIGN KEY (account_type_id) REFERENCES tipo_cuenta(account_id) ON UPDATE CASCADE ON DELETE CASCADE
);
	
INSERT INTO cuentas(account_type_id,customer_id,balance,iban) SELECT * FROM cuenta;

DROP TABLE cuenta;

ALTER TABLE cuentas
RENAME TO 'cuenta';

CREATE TABLE marca_tarjeta (
	card_id INTEGER PRIMARY KEY,
	card_brand TEXT NOT NULL DEFAULT 'VISA'
);


CREATE TABLE tarjeta ( 
	card_id INTEGER PRIMARY KEY,
	account_id INTEGER NOT NULL DEFAULT 1,
	customer_id INTEGER NOT NULL DEFAULT 1,
	card_number TEXT UNIQUE CHECK(length(card_number)<=20),
	CVV TEXT NOT NULL DEFAULT '000',
	valid_from DATE NOT NULL DEFAULT '2000-01-01',
	expiration_date DATE NOT NULL DEFAULT '2000-01-02',
	card_type TEXT NOT NULL DEFAULT 'credit',
    cardbrand_id INTEGER,
	FOREIGN KEY (cardbrand_id) REFERENCES marca_tarjeta (card_id) ON UPDATE CASCADE ON DELETE CASCADE,
	FOREIGN KEY (customer_id) REFERENCES cliente (customer_id) ON UPDATE CASCADE ON DELETE CASCADE
);


INSERT INTO `marca_tarjeta` (`card_id`)
VALUES
  (1),
  (2),
  (3),
  (4),
  (5),
  (6),
  (7),
  (8),
  (9),
  (10);
INSERT INTO `marca_tarjeta` (`card_id`)
VALUES
  (11),
  (12),
  (13),
  (14),
  (15),
  (16),
  (17),
  (18),
  (19),
  (20);
INSERT INTO `marca_tarjeta` (`card_id`)
VALUES
  (21),
  (22),
  (23),
  (24),
  (25),
  (26),
  (27),
  (28),
  (29),
  (30);
INSERT INTO `marca_tarjeta` (`card_id`)
VALUES
  (31),
  (32),
  (33),
  (34),
  (35),
  (36),
  (37),
  (38),
  (39),
  (40);
INSERT INTO `marca_tarjeta` (`card_id`)
VALUES
  (41),
  (42),
  (43),
  (44),
  (45),
  (46),
  (47),
  (48),
  (49),
  (50);
INSERT INTO `marca_tarjeta` (`card_id`)
VALUES
  (51),
  (52),
  (53),
  (54),
  (55),
  (56),
  (57),
  (58),
  (59),
  (60);
INSERT INTO `marca_tarjeta` (`card_id`)
VALUES
  (61),
  (62),
  (63),
  (64),
  (65),
  (66),
  (67),
  (68),
  (69),
  (70);
INSERT INTO `marca_tarjeta` (`card_id`)
VALUES
  (71),
  (72),
  (73),
  (74),
  (75),
  (76),
  (77),
  (78),
  (79),
  (80);
INSERT INTO `marca_tarjeta` (`card_id`)
VALUES
  (81),
  (82),
  (83),
  (84),
  (85),
  (86),
  (87),
  (88),
  (89),
  (90);
INSERT INTO `marca_tarjeta` (`card_id`)
VALUES
  (91),
  (92),
  (93),
  (94),
  (95),
  (96),
  (97),
  (98),
  (99),
  (100);
INSERT INTO `marca_tarjeta` (`card_id`)
VALUES
  (101),
  (102),
  (103),
  (104),
  (105),
  (106),
  (107),
  (108),
  (109),
  (110);
INSERT INTO `marca_tarjeta` (`card_id`)
VALUES
  (111),
  (112),
  (113),
  (114),
  (115),
  (116),
  (117),
  (118),
  (119),
  (120);
INSERT INTO `marca_tarjeta` (`card_id`)
VALUES
  (121),
  (122),
  (123),
  (124),
  (125),
  (126),
  (127),
  (128),
  (129),
  (130);
INSERT INTO `marca_tarjeta` (`card_id`)
VALUES
  (131),
  (132),
  (133),
  (134),
  (135),
  (136),
  (137),
  (138),
  (139),
  (140);
INSERT INTO `marca_tarjeta` (`card_id`)
VALUES
  (141),
  (142),
  (143),
  (144),
  (145),
  (146),
  (147),
  (148),
  (149),
  (150);
INSERT INTO `marca_tarjeta` (`card_id`)
VALUES
  (151),
  (152),
  (153),
  (154),
  (155),
  (156),
  (157),
  (158),
  (159),
  (160);
INSERT INTO `marca_tarjeta` (`card_id`)
VALUES
  (161),
  (162),
  (163),
  (164),
  (165),
  (166),
  (167),
  (168),
  (169),
  (170);
INSERT INTO `marca_tarjeta` (`card_id`)
VALUES
  (171),
  (172),
  (173),
  (174),
  (175),
  (176),
  (177),
  (178),
  (179),
  (180);
INSERT INTO `marca_tarjeta` (`card_id`)
VALUES
  (181),
  (182),
  (183),
  (184),
  (185),
  (186),
  (187),
  (188),
  (189),
  (190);
INSERT INTO `marca_tarjeta` (`card_id`)
VALUES
  (191),
  (192),
  (193),
  (194),
  (195),
  (196),
  (197),
  (198),
  (199),
  (200);
INSERT INTO `marca_tarjeta` (`card_id`)
VALUES
  (201),
  (202),
  (203),
  (204),
  (205),
  (206),
  (207),
  (208),
  (209),
  (210);
INSERT INTO `marca_tarjeta` (`card_id`)
VALUES
  (211),
  (212),
  (213),
  (214),
  (215),
  (216),
  (217),
  (218),
  (219),
  (220);
INSERT INTO `marca_tarjeta` (`card_id`)
VALUES
  (221),
  (222),
  (223),
  (224),
  (225),
  (226),
  (227),
  (228),
  (229),
  (230);
INSERT INTO `marca_tarjeta` (`card_id`)
VALUES
  (231),
  (232),
  (233),
  (234),
  (235),
  (236),
  (237),
  (238),
  (239),
  (240);
INSERT INTO `marca_tarjeta` (`card_id`)
VALUES
  (241),
  (242),
  (243),
  (244),
  (245),
  (246),
  (247),
  (248),
  (249),
  (250);
INSERT INTO `marca_tarjeta` (`card_id`)
VALUES
  (251),
  (252),
  (253),
  (254),
  (255),
  (256),
  (257),
  (258),
  (259),
  (260);
INSERT INTO `marca_tarjeta` (`card_id`)
VALUES
  (261),
  (262),
  (263),
  (264),
  (265),
  (266),
  (267),
  (268),
  (269),
  (270);
INSERT INTO `marca_tarjeta` (`card_id`)
VALUES
  (271),
  (272),
  (273),
  (274),
  (275),
  (276),
  (277),
  (278),
  (279),
  (280);
INSERT INTO `marca_tarjeta` (`card_id`)
VALUES
  (281),
  (282),
  (283),
  (284),
  (285),
  (286),
  (287),
  (288),
  (289),
  (290);
INSERT INTO `marca_tarjeta` (`card_id`)
VALUES
  (291),
  (292),
  (293),
  (294),
  (295),
  (296),
  (297),
  (298),
  (299),
  (300);
INSERT INTO `marca_tarjeta` (`card_id`)
VALUES
  (301),
  (302),
  (303),
  (304),
  (305),
  (306),
  (307),
  (308),
  (309),
  (310);
INSERT INTO `marca_tarjeta` (`card_id`)
VALUES
  (311),
  (312),
  (313),
  (314),
  (315),
  (316),
  (317),
  (318),
  (319),
  (320);
INSERT INTO `marca_tarjeta` (`card_id`)
VALUES
  (321),
  (322),
  (323),
  (324),
  (325),
  (326),
  (327),
  (328),
  (329),
  (330);
INSERT INTO `marca_tarjeta` (`card_id`)
VALUES
  (331),
  (332),
  (333),
  (334),
  (335),
  (336),
  (337),
  (338),
  (339),
  (340);
INSERT INTO `marca_tarjeta` (`card_id`)
VALUES
  (341),
  (342),
  (343),
  (344),
  (345),
  (346),
  (347),
  (348),
  (349),
  (350);
INSERT INTO `marca_tarjeta` (`card_id`)
VALUES
  (351),
  (352),
  (353),
  (354),
  (355),
  (356),
  (357),
  (358),
  (359),
  (360);
INSERT INTO `marca_tarjeta` (`card_id`)
VALUES
  (361),
  (362),
  (363),
  (364),
  (365),
  (366),
  (367),
  (368),
  (369),
  (370);
INSERT INTO `marca_tarjeta` (`card_id`)
VALUES
  (371),
  (372),
  (373),
  (374),
  (375),
  (376),
  (377),
  (378),
  (379),
  (380);
INSERT INTO `marca_tarjeta` (`card_id`)
VALUES
  (381),
  (382),
  (383),
  (384),
  (385),
  (386),
  (387),
  (388),
  (389),
  (390);
INSERT INTO `marca_tarjeta` (`card_id`)
VALUES
  (391),
  (392),
  (393),
  (394),
  (395),
  (396),
  (397),
  (398),
  (399),
  (400);
INSERT INTO `marca_tarjeta` (`card_id`)
VALUES
  (401),
  (402),
  (403),
  (404),
  (405),
  (406),
  (407),
  (408),
  (409),
  (410);
INSERT INTO `marca_tarjeta` (`card_id`)
VALUES
  (411),
  (412),
  (413),
  (414),
  (415),
  (416),
  (417),
  (418),
  (419),
  (420);
INSERT INTO `marca_tarjeta` (`card_id`)
VALUES
  (421),
  (422),
  (423),
  (424),
  (425),
  (426),
  (427),
  (428),
  (429),
  (430);
INSERT INTO `marca_tarjeta` (`card_id`)
VALUES
  (431),
  (432),
  (433),
  (434),
  (435),
  (436),
  (437),
  (438),
  (439),
  (440);
INSERT INTO `marca_tarjeta` (`card_id`)
VALUES
  (441),
  (442),
  (443),
  (444),
  (445),
  (446),
  (447),
  (448),
  (449),
  (450);
INSERT INTO `marca_tarjeta` (`card_id`)
VALUES
  (451),
  (452),
  (453),
  (454),
  (455),
  (456),
  (457),
  (458),
  (459),
  (460);
INSERT INTO `marca_tarjeta` (`card_id`)
VALUES
  (461),
  (462),
  (463),
  (464),
  (465),
  (466),
  (467),
  (468),
  (469),
  (470);
INSERT INTO `marca_tarjeta` (`card_id`)
VALUES
  (471),
  (472),
  (473),
  (474),
  (475),
  (476),
  (477),
  (478),
  (479),
  (480);
INSERT INTO `marca_tarjeta` (`card_id`)
VALUES
  (481),
  (482),
  (483),
  (484),
  (485),
  (486),
  (487),
  (488),
  (489),
  (490);
INSERT INTO `marca_tarjeta` (`card_id`)
VALUES
  (491),
  (492),
  (493),
  (494),
  (495),
  (496),
  (497),
  (498),
  (499),
  (500);


INSERT INTO `tarjeta` (`cardbrand_id`,`account_id`,`card_number`,`CVV`,`valid_from`,`expiration_date`,`card_type`)
VALUES
  (1,375,"4556 8165 5547 5877","932","2010-05-03","2028-09-09","credit"),
  (2,192,"4539 3747 6829 7763","718","2012-03-21","2028-02-23","credit"),
  (3,465,"4485 4215 7427 7374","564","2000-02-20","2029-10-12","credit"),
  (4,34,"4485 3935 8439 1323","307","2013-03-06","2023-08-20","credit"),
  (5,53,"4929 2648 9584 3597","754","2010-04-10","2030-12-05","credit"),
  (6,490,"4556 8696 1158 4117","215","2005-03-17","2023-05-16","credit"),
  (7,292,"4532 3346 2773 3751","196","2003-11-13","2023-05-03","credit"),
  (8,69,"4929 6551 7882 8561","623","2001-04-20","2023-03-27","credit"),
  (9,78,"4485 9575 8769 4170","140","2013-05-16","2024-03-18","credit"),
  (10,360,"4556 5216 4827 4762","657","2008-01-27","2027-06-25","credit");
INSERT INTO `tarjeta` (`cardbrand_id`,`account_id`,`card_number`,`CVV`,`valid_from`,`expiration_date`,`card_type`)
VALUES
  (11,369,"4532 2863 7142 9889","220","2001-07-01","2027-10-16","credit"),
  (12,422,"4556 1354 8172 2330","384","2021-02-17","2030-01-12","credit"),
  (13,163,"4539 9857 9766 1255","515","2005-11-15","2028-04-07","credit"),
  (14,431,"4916 2686 2764 8369","785","2016-12-20","2030-10-01","credit"),
  (15,333,"4929 8826 7844 7185","888","2021-06-15","2023-03-25","credit"),
  (16,338,"4929 1554 5722 7650","363","2001-04-19","2026-11-23","credit"),
  (17,368,"4539 7565 4258 3288","961","2000-01-01","2027-07-08","credit"),
  (18,380,"4024 0071 4584 4871","535","2003-07-30","2025-05-15","credit"),
  (19,43,"4485 5866 3253 4485","454","2020-02-29","2028-05-23","credit"),
  (20,62,"4128 9326 8832 4988","332","2018-12-02","2030-09-01","credit");
INSERT INTO `tarjeta` (`cardbrand_id`,`account_id`,`card_number`,`CVV`,`valid_from`,`expiration_date`,`card_type`)
VALUES
  (21,476,"4485 2349 2973 8788","450","2015-07-06","2029-02-09","credit"),
  (22,19,"4916 7637 5955 2652","848","2013-01-11","2028-07-07","credit"),
  (23,109,"4716 7465 4595 1736","349","2000-11-07","2025-06-29","credit"),
  (24,93,"4556 4375 3383 5379","965","2005-08-28","2029-12-04","credit"),
  (25,423,"4487 3395 3985 6785","395","2010-05-26","2027-12-01","credit"),
  (26,95,"4916 6539 5449 9173","270","2012-02-06","2029-11-21","credit"),
  (27,374,"4024 0071 6844 7842","124","2011-01-16","2027-09-26","credit"),
  (28,18,"4485 5287 1324 6233","670","2015-04-17","2029-04-16","credit"),
  (29,251,"4916 3815 7593 8573","627","2018-03-07","2028-11-28","credit"),
  (30,135,"4556 8834 1746 7369","448","2019-10-31","2028-06-05","credit");
INSERT INTO `tarjeta` (`cardbrand_id`,`account_id`,`card_number`,`CVV`,`valid_from`,`expiration_date`,`card_type`)
VALUES
  (31,252,"4539 3684 5583 7485","532","2001-03-08","2023-11-09","credit"),
  (32,192,"4532 4155 6192 2243","918","2003-02-12","2026-01-29","credit"),
  (33,44,"4929 3532 7124 3629","977","2011-06-06","2028-04-11","credit"),
  (34,56,"4532 2977 9623 6429","707","2005-03-02","2028-09-28","credit"),
  (35,170,"4929 5445 7978 2611","955","2018-03-17","2023-12-02","credit"),
  (36,45,"4539 1458 7629 9663","738","2004-11-27","2026-09-19","credit"),
  (37,186,"4556 8857 3327 5244","713","2004-06-02","2030-12-16","credit"),
  (38,394,"4556 8389 9727 4429","599","2008-09-18","2023-02-21","credit"),
  (39,421,"4532 3836 2828 7788","958","2018-03-05","2030-06-27","credit"),
  (40,200,"4024 0071 6825 3596","382","2002-02-01","2028-05-29","credit");
INSERT INTO `tarjeta` (`cardbrand_id`,`account_id`,`card_number`,`CVV`,`valid_from`,`expiration_date`,`card_type`)
VALUES
  (41,105,"4532 2532 5284 3554","654","2011-03-03","2028-03-17","credit"),
  (42,106,"4532 4928 3572 5843","562","2016-02-16","2024-07-10","credit"),
  (43,158,"4539 2694 2266 8872","211","2014-06-30","2030-08-03","credit"),
  (44,415,"4929 5482 2735 3295","756","2002-08-05","2024-10-22","credit"),
  (45,110,"4485 8396 3538 2935","741","2012-08-05","2030-06-10","credit"),
  (46,65,"4916 8956 8845 6223","710","2001-02-14","2027-06-09","credit"),
  (47,269,"4532 7685 7742 7874","806","2018-07-27","2030-08-29","credit"),
  (48,234,"4024 0071 1565 8335","475","2020-01-06","2023-07-31","credit"),
  (49,120,"4716 3552 2822 5820","562","2011-06-26","2029-08-18","credit"),
  (50,305,"4929 6526 4137 5692","236","2019-08-31","2027-01-21","credit");
INSERT INTO `tarjeta` (`cardbrand_id`,`account_id`,`card_number`,`CVV`,`valid_from`,`expiration_date`,`card_type`)
VALUES
  (51,319,"4556 7531 2384 2744","852","2017-05-26","2027-04-07","credit"),
  (52,182,"4485 3812 6242 3146","937","2018-11-15","2025-04-10","credit"),
  (53,329,"4716 2761 9865 7349","556","2017-11-06","2028-01-08","credit"),
  (54,126,"4532 2324 8823 4747","294","2000-12-04","2030-04-28","credit"),
  (55,88,"4929 7667 5652 3795","967","2022-06-02","2025-02-22","credit"),
  (56,319,"4532 3783 2357 3649","399","2001-09-20","2026-06-13","credit"),
  (57,408,"4556 2982 3867 2388","258","2000-11-15","2023-12-29","credit"),
  (58,447,"4916 5337 1594 1814","984","2010-04-28","2029-08-25","credit"),
  (59,240,"4485 2535 1228 6112","777","2006-11-01","2025-11-22","credit"),
  (60,122,"4916 3822 8466 5655","142","2020-01-23","2029-10-14","credit");
INSERT INTO `tarjeta` (`cardbrand_id`,`account_id`,`card_number`,`CVV`,`valid_from`,`expiration_date`,`card_type`)
VALUES
  (61,67,"4539 3193 2945 2738","378","2018-11-14","2023-06-22","credit"),
  (62,458,"4929 6821 9184 6578","257","2015-08-17","2027-04-05","credit"),
  (63,423,"4485 3787 9473 4669","804","2001-12-22","2024-11-04","credit"),
  (64,371,"4539 4441 6455 3828","639","2003-08-26","2025-11-29","credit"),
  (65,308,"4916 2284 1283 7254","493","2016-05-01","2025-08-09","credit"),
  (66,52,"4716 6753 7776 7664","731","2022-05-26","2026-07-05","credit"),
  (67,202,"4485 7169 9712 8694","740","2002-03-15","2023-06-05","credit"),
  (68,71,"4024 0071 4276 6564","287","2010-11-01","2030-07-24","credit"),
  (69,440,"4485 4567 4385 7730","763","2014-03-18","2025-12-08","credit"),
  (70,30,"4183 9825 2449 5262","444","2017-04-03","2027-03-29","credit");
INSERT INTO `tarjeta` (`cardbrand_id`,`account_id`,`card_number`,`CVV`,`valid_from`,`expiration_date`,`card_type`)
VALUES
  (71,305,"4556 4811 2835 8561","130","2020-07-23","2030-07-14","credit"),
  (72,106,"4539 8845 3779 7315","181","2019-05-29","2028-04-19","credit"),
  (73,459,"4929 5567 3776 2343","831","2007-09-27","2030-07-29","credit"),
  (74,403,"4539 4737 3357 5350","112","2006-12-15","2027-08-07","credit"),
  (75,370,"4556 3256 7741 3576","650","2016-04-30","2029-05-01","credit"),
  (76,12,"4539 8538 9712 8395","364","2008-02-07","2026-08-22","credit"),
  (77,24,"4556 5272 7154 5543","455","2007-10-12","2029-07-11","credit"),
  (78,328,"4816 3654 4574 6655","112","2011-07-12","2030-11-26","credit"),
  (79,159,"4556 8273 6556 7282","813","2003-07-01","2029-05-08","credit"),
  (80,490,"4372 8728 8258 5443","521","2003-08-06","2023-07-04","credit");
INSERT INTO `tarjeta` (`cardbrand_id`,`account_id`,`card_number`,`CVV`,`valid_from`,`expiration_date`,`card_type`)
VALUES
  (81,448,"4485 6257 4765 1451","161","2018-10-12","2030-11-10","credit"),
  (82,458,"4539 9876 7836 2615","385","2013-12-20","2024-04-02","credit"),
  (83,166,"4916 9477 5728 3960","583","2011-10-31","2029-03-22","credit"),
  (84,106,"4916 2486 8423 2281","701","2019-02-16","2027-08-16","credit"),
  (85,79,"4532 2273 3771 5169","976","2001-07-29","2027-09-29","credit"),
  (86,387,"4532 6532 7347 4836","705","2012-05-18","2027-02-04","credit"),
  (87,114,"4532 8454 5698 9487","926","2016-11-30","2025-02-05","credit"),
  (88,212,"4539 9315 1383 3729","241","2005-04-18","2029-08-17","credit"),
  (89,158,"4676 1132 6629 2527","441","2017-11-25","2027-05-18","credit"),
  (90,493,"4485 8622 7468 5467","316","2004-09-15","2028-10-18","credit");
INSERT INTO `tarjeta` (`cardbrand_id`,`account_id`,`card_number`,`CVV`,`valid_from`,`expiration_date`,`card_type`)
VALUES
  (91,320,"4532 6837 3137 8253","974","2020-08-21","2027-02-15","credit"),
  (92,39,"4916 9215 8588 8845","527","2018-06-16","2028-04-13","credit"),
  (93,135,"4539 9232 5437 4229","503","2005-06-20","2025-08-16","credit"),
  (94,307,"4556 6428 3268 6114","344","2012-02-10","2027-11-02","credit"),
  (95,437,"4929 3369 3982 5713","177","2003-07-08","2024-03-21","credit"),
  (96,62,"4485 7743 3246 5628","632","2019-06-06","2027-01-24","credit"),
  (97,301,"4485 7284 8442 3652","528","2011-02-13","2029-07-26","credit"),
  (98,23,"4929 7976 7826 3749","411","2013-04-14","2028-11-11","credit"),
  (99,27,"4929 6252 2633 2866","869","2019-10-08","2029-08-05","credit"),
  (100,492,"4532 6867 6768 6739","562","2002-11-24","2026-02-27","credit");
INSERT INTO `tarjeta` (`cardbrand_id`,`account_id`,`card_number`,`CVV`,`valid_from`,`expiration_date`,`card_type`)
VALUES
  (101,118,"4556 7122 6669 9162","354","2006-09-27","2025-08-13","credit"),
  (102,150,"4532 4661 1266 3778","808","2008-11-29","2027-09-28","credit"),
  (103,450,"4916 2176 5467 6785","453","2002-03-13","2023-08-20","credit"),
  (104,27,"4916 4345 4675 3611","707","2014-01-05","2030-02-08","credit"),
  (105,363,"4532 2683 8416 2285","922","2016-07-26","2028-03-14","credit"),
  (106,499,"4916 7196 8962 8368","363","2022-05-31","2024-02-10","credit"),
  (107,131,"4929 9467 7367 2755","140","2004-11-01","2026-05-27","credit"),
  (108,84,"4485 5195 3245 7150","291","2011-09-02","2024-10-21","credit"),
  (109,465,"4916 8672 8662 8669","867","2018-03-01","2028-03-15","credit"),
  (110,3,"4532 3666 5743 2623","818","2018-05-25","2029-04-07","credit");
INSERT INTO `tarjeta` (`cardbrand_id`,`account_id`,`card_number`,`CVV`,`valid_from`,`expiration_date`,`card_type`)
VALUES
  (111,45,"4916 2175 7354 7851","216","2002-08-10","2027-12-15","credit"),
  (112,399,"4556 5778 4277 3645","610","2004-07-07","2023-12-13","credit"),
  (113,186,"4623 5693 4695 3665","621","2010-08-07","2026-12-01","credit"),
  (114,492,"4716 3773 6586 1480","564","2003-04-12","2027-12-23","credit"),
  (115,47,"4532 2323 8636 3929","720","2004-10-20","2029-11-03","credit"),
  (116,263,"4929 4973 2467 8636","920","2022-01-25","2027-09-20","credit"),
  (117,96,"4556 3715 1135 6738","701","2003-05-05","2027-02-14","credit"),
  (118,13,"4532 6715 8751 5557","230","2004-05-08","2025-07-01","credit"),
  (119,382,"4556 2749 7667 7749","711","2005-01-07","2024-11-20","credit"),
  (120,461,"4532 7952 3237 6485","206","2008-06-10","2024-06-19","credit");
INSERT INTO `tarjeta` (`cardbrand_id`,`account_id`,`card_number`,`CVV`,`valid_from`,`expiration_date`,`card_type`)
VALUES
  (121,45,"4024 0071 4628 5959","807","2003-08-28","2024-12-30","credit"),
  (122,37,"4234 8644 6537 7494","551","2011-07-21","2024-03-11","credit"),
  (123,98,"4385 5227 4522 8435","818","2003-10-14","2023-03-24","credit"),
  (124,335,"4532 1533 9622 2329","947","2007-11-25","2028-07-11","credit"),
  (125,257,"4024 0071 6181 3438","741","2014-08-07","2028-03-17","credit"),
  (126,425,"4485 7326 5295 5149","542","2004-05-01","2029-03-15","credit"),
  (127,97,"4556 6233 8242 5764","305","2004-04-04","2026-02-05","credit"),
  (128,471,"4539 3486 5186 4913","457","2006-09-01","2026-12-06","credit"),
  (129,29,"4716 5387 6758 8845","961","2001-12-20","2024-06-01","credit"),
  (130,75,"4929 2286 5366 7381","482","2005-06-27","2028-04-23","credit");
INSERT INTO `tarjeta` (`cardbrand_id`,`account_id`,`card_number`,`CVV`,`valid_from`,`expiration_date`,`card_type`)
VALUES
  (131,135,"4716 8622 7722 1444","594","2000-07-11","2028-05-10","credit"),
  (132,218,"4929 6352 1852 8421","696","2000-02-13","2030-08-11","credit"),
  (133,56,"4929 3753 9472 9135","350","2010-09-12","2030-07-30","credit"),
  (134,412,"4539 8573 8728 9278","819","2002-12-04","2025-08-27","credit"),
  (135,321,"4929 4562 9364 3815","137","2016-12-28","2023-09-13","credit"),
  (136,308,"4556 6337 5652 8572","490","2019-06-23","2029-05-22","credit"),
  (137,267,"4552 2294 4848 1553","509","2009-07-09","2023-01-31","credit"),
  (138,497,"4716 4376 7396 8862","586","2017-12-12","2028-02-01","credit"),
  (139,485,"4024 0071 8461 8574","968","2017-11-10","2030-03-01","credit"),
  (140,194,"4539 5783 8417 2289","574","2001-02-12","2030-08-30","credit");
INSERT INTO `tarjeta` (`cardbrand_id`,`account_id`,`card_number`,`CVV`,`valid_from`,`expiration_date`,`card_type`)
VALUES
  (141,405,"4024 0071 6237 7334","485","2004-12-01","2024-10-12","credit"),
  (142,247,"4024 0071 3888 9248","249","2006-03-29","2029-12-16","credit"),
  (143,160,"4532 5577 1274 1848","977","2014-03-23","2023-01-15","credit"),
  (144,377,"4532 6798 3668 6624","215","2011-09-12","2029-01-25","credit"),
  (145,188,"4916 8482 8385 6214","440","2011-02-04","2027-01-24","credit"),
  (146,285,"4556 8654 2978 4766","352","2006-05-26","2028-01-16","credit"),
  (147,469,"4532 5825 7748 5489","271","2013-10-18","2029-10-02","credit"),
  (148,210,"4733 9579 8665 2522","903","2003-03-21","2027-02-23","credit"),
  (149,263,"4024 0071 7686 5837","228","2004-08-29","2024-06-04","credit"),
  (150,472,"4556 6693 3995 8472","543","2012-12-20","2027-11-27","credit");
INSERT INTO `tarjeta` (`cardbrand_id`,`account_id`,`card_number`,`CVV`,`valid_from`,`expiration_date`,`card_type`)
VALUES
  (151,481,"4539 4424 5578 1330","432","2010-11-01","2029-10-17","credit"),
  (152,435,"4539 4379 4984 7358","927","2016-10-08","2026-11-07","credit"),
  (153,183,"4916 9164 9881 1579","520","2015-09-23","2027-07-26","credit"),
  (154,257,"4532 4983 3824 1659","631","2020-08-08","2029-06-02","credit"),
  (155,270,"4716 8541 1486 7927","455","2000-10-30","2029-11-08","credit"),
  (156,390,"4485 4775 7157 8446","490","2005-07-13","2029-08-29","credit"),
  (157,75,"4929 9511 1775 8864","655","2010-06-26","2029-10-29","credit"),
  (158,135,"4485 3435 3535 8848","967","2014-10-23","2029-08-28","credit"),
  (159,168,"4556 4295 3472 8281","534","2014-09-03","2029-11-13","credit"),
  (160,415,"4553 5762 8135 8366","505","2021-02-26","2026-08-04","credit");
INSERT INTO `tarjeta` (`cardbrand_id`,`account_id`,`card_number`,`CVV`,`valid_from`,`expiration_date`,`card_type`)
VALUES
  (161,460,"4539 5232 3272 2232","330","2007-01-25","2026-02-26","credit"),
  (162,434,"4024 0071 5892 9825","371","2012-12-31","2026-02-14","credit"),
  (163,27,"4929 5932 4717 1954","251","2006-11-22","2029-02-18","credit"),
  (164,383,"4532 4874 3825 2864","953","2008-09-26","2024-07-29","credit"),
  (165,445,"4916 6234 7734 8439","739","2000-12-12","2026-05-30","credit"),
  (166,484,"4532 1633 9546 2446","420","2003-07-06","2025-12-21","credit"),
  (167,443,"4024 0071 6518 5585","204","2011-10-04","2029-04-22","credit"),
  (168,183,"4539 2538 6868 7331","792","2002-01-30","2028-12-09","credit"),
  (169,167,"4539 2351 2819 8282","589","2006-12-24","2030-10-06","credit"),
  (170,275,"4539 9259 6764 2644","711","2014-04-10","2026-04-26","credit");
INSERT INTO `tarjeta` (`cardbrand_id`,`account_id`,`card_number`,`CVV`,`valid_from`,`expiration_date`,`card_type`)
VALUES
  (171,230,"4177 2245 9224 5677","630","2022-01-12","2024-03-10","credit"),
  (172,134,"4929 4858 4288 4851","875","2008-01-19","2028-12-02","credit"),
  (173,475,"4539 7135 7221 3625","145","2016-08-04","2028-04-11","credit"),
  (174,185,"4539 3625 5438 3681","211","2013-05-22","2030-07-22","credit"),
  (175,30,"4916 9563 5336 6723","875","2016-03-06","2028-03-17","credit"),
  (176,191,"4532 3215 8456 4246","609","2008-07-24","2029-06-28","credit"),
  (177,122,"4539 1872 2383 4636","345","2000-08-25","2029-05-23","credit"),
  (178,258,"4929 7598 7738 5830","451","2001-04-30","2029-06-13","credit"),
  (179,76,"4485 6829 5664 9577","918","2017-08-07","2030-05-08","credit"),
  (180,247,"4929 9318 6516 3632","299","2011-12-31","2026-02-26","credit");
INSERT INTO `tarjeta` (`cardbrand_id`,`account_id`,`card_number`,`CVV`,`valid_from`,`expiration_date`,`card_type`)
VALUES
  (181,192,"4024 0071 8623 3547","378","2008-01-15","2024-03-02","credit"),
  (182,229,"4865 9868 5664 6736","496","2003-08-30","2026-03-16","credit"),
  (183,219,"4024 0071 8645 7138","637","2016-06-06","2027-02-14","credit"),
  (184,289,"4024 0071 1856 1569","568","2005-06-01","2029-09-14","credit"),
  (185,5,"4556 5343 3182 7986","972","2001-02-17","2027-11-30","credit"),
  (186,283,"4024 0071 2213 4619","754","2001-11-21","2025-07-01","credit"),
  (187,146,"4556 2445 2493 7952","749","2000-02-28","2024-02-25","credit"),
  (188,220,"4539 2436 1352 3766","340","2013-04-26","2030-06-07","credit"),
  (189,354,"4485 5343 7661 9765","870","2016-10-20","2029-12-20","credit"),
  (190,350,"4614 3346 1874 3273","253","2009-07-30","2030-04-11","credit");
INSERT INTO `tarjeta` (`cardbrand_id`,`account_id`,`card_number`,`CVV`,`valid_from`,`expiration_date`,`card_type`)
VALUES
  (191,115,"4024 0071 4752 1469","903","2018-07-05","2028-12-29","credit"),
  (192,92,"4916 2786 2546 4610","942","2017-06-17","2030-02-22","credit"),
  (193,137,"4716 1733 3756 8810","533","2002-04-19","2023-10-30","credit"),
  (194,496,"4929 8431 3956 4729","959","2018-10-05","2030-04-16","credit"),
  (195,118,"4485 5227 2758 4382","648","2014-02-10","2028-06-28","credit"),
  (196,27,"4539 2543 4415 6685","881","2003-07-18","2023-12-19","credit"),
  (197,219,"4539 2249 3286 6771","275","2015-12-06","2026-12-01","credit"),
  (198,370,"4532 1874 2564 4251","468","2006-05-01","2024-04-25","credit"),
  (199,468,"4539 9534 5668 3788","799","2013-09-21","2030-05-24","credit"),
  (200,71,"4485 6818 5188 2556","214","2002-08-08","2028-04-13","credit");
INSERT INTO `tarjeta` (`cardbrand_id`,`account_id`,`card_number`,`CVV`,`valid_from`,`expiration_date`,`card_type`)
VALUES
  (201,52,"4916 2516 5794 8271","883","2000-11-28","2027-06-13","credit"),
  (202,454,"4485 4288 7874 8489","763","2020-08-09","2025-06-17","credit"),
  (203,140,"4556 5675 6878 5584","178","2004-10-09","2030-07-29","credit"),
  (204,217,"4024 0071 2583 4686","898","2021-02-25","2025-03-27","credit"),
  (205,245,"4485 7447 7692 5569","259","2005-11-16","2030-03-31","credit"),
  (206,377,"4532 5423 2335 5790","955","2013-12-26","2023-09-30","credit"),
  (207,241,"4716 4774 3254 6468","929","2007-04-27","2024-08-10","credit"),
  (208,290,"4929 8872 2833 8420","921","2013-01-19","2025-03-19","credit"),
  (209,82,"4916 4988 7973 8762","512","2006-08-09","2030-10-27","credit"),
  (210,29,"4916 1888 2837 2637","957","2019-10-28","2030-07-10","credit");
INSERT INTO `tarjeta` (`cardbrand_id`,`account_id`,`card_number`,`CVV`,`valid_from`,`expiration_date`,`card_type`)
VALUES
  (211,410,"4929 7786 3613 3943","212","2020-01-01","2024-02-26","credit"),
  (212,454,"4539 2923 3665 6676","630","2013-07-10","2023-01-23","credit"),
  (213,199,"4929 7821 6162 4417","430","2020-11-09","2030-11-01","credit"),
  (214,477,"4024 0071 4591 4526","278","2000-10-30","2028-08-17","credit"),
  (215,211,"4024 0071 1167 7859","725","2004-09-02","2024-11-13","credit"),
  (216,320,"4716 4924 4159 2759","749","2021-05-14","2024-05-23","credit"),
  (217,263,"4556 8227 8545 6711","940","2018-12-26","2023-02-20","credit"),
  (218,107,"4539 2625 1557 5484","604","2012-03-22","2029-08-14","credit"),
  (219,135,"4532 2187 3861 4390","240","2000-12-26","2028-03-16","credit"),
  (220,301,"4024 0071 8614 8554","411","2010-10-20","2029-07-03","credit");
INSERT INTO `tarjeta` (`cardbrand_id`,`account_id`,`card_number`,`CVV`,`valid_from`,`expiration_date`,`card_type`)
VALUES
  (221,273,"4532 3235 8643 6548","779","2002-01-19","2024-10-05","credit"),
  (222,71,"4916 6773 6723 7540","161","2004-03-01","2024-10-16","credit"),
  (223,13,"4929 7593 3893 8912","687","2000-05-31","2024-05-27","credit"),
  (224,479,"4716 7474 1258 8429","852","2017-12-23","2030-01-28","credit"),
  (225,436,"4358 8644 8354 1170","544","2013-09-10","2028-06-24","credit"),
  (226,327,"4556 2736 7813 2250","324","2000-08-04","2023-09-06","credit"),
  (227,193,"4539 1757 2518 6852","527","2016-06-14","2027-04-07","credit"),
  (228,83,"4556 3242 6155 8425","462","2021-02-08","2029-12-01","credit"),
  (229,54,"4532 4413 8663 7345","122","2009-01-30","2029-10-21","credit"),
  (230,394,"4929 1241 2248 9871","506","2009-10-30","2023-10-04","credit");
INSERT INTO `tarjeta` (`cardbrand_id`,`account_id`,`card_number`,`CVV`,`valid_from`,`expiration_date`,`card_type`)
VALUES
  (231,334,"4916 7296 3532 8864","339","2016-05-24","2024-01-28","credit"),
  (232,203,"4485 3226 3332 5750","286","2001-01-13","2024-04-16","credit"),
  (233,46,"4929 6855 1244 8339","801","2012-07-28","2029-01-14","credit"),
  (234,50,"4532 6784 3132 7659","600","2013-09-21","2030-11-05","credit"),
  (235,154,"4553 1412 9864 7424","331","2016-11-29","2024-09-26","credit"),
  (236,136,"4747 6916 4495 1760","837","2007-01-13","2029-11-14","credit"),
  (237,227,"4539 6224 2672 2410","928","2021-01-31","2029-02-16","credit"),
  (238,452,"4916 5737 3597 9170","815","2006-08-29","2030-03-29","credit"),
  (239,273,"4716 4732 2963 7453","657","2014-03-26","2028-07-13","credit"),
  (240,316,"4539 2358 8763 7934","646","2015-02-04","2024-12-04","credit");
INSERT INTO `tarjeta` (`cardbrand_id`,`account_id`,`card_number`,`CVV`,`valid_from`,`expiration_date`,`card_type`)
VALUES
  (241,244,"4716 7783 6442 6540","865","2013-01-23","2025-08-19","credit"),
  (242,210,"4539 8541 2532 4137","914","2009-08-19","2030-11-04","credit"),
  (243,125,"4485 2265 4682 8661","734","2018-09-07","2029-04-04","credit"),
  (244,443,"4024 0071 2868 2587","598","2004-03-06","2024-06-01","credit"),
  (245,26,"4716 8327 4335 5324","164","2006-08-17","2024-02-01","credit"),
  (246,94,"4539 3331 7492 3461","455","2021-08-26","2028-06-17","credit"),
  (247,389,"4539 7646 4325 6325","256","2014-10-30","2024-10-05","credit"),
  (248,167,"4716 3531 4848 2860","458","2020-05-18","2028-11-04","credit"),
  (249,239,"4716 5851 2427 2621","342","2017-05-10","2029-04-05","credit"),
  (250,193,"4024 0071 2785 2421","326","2008-10-10","2028-10-21","credit");
INSERT INTO `tarjeta` (`cardbrand_id`,`account_id`,`card_number`,`CVV`,`valid_from`,`expiration_date`,`card_type`)
VALUES
  (251,66,"4916 5393 6576 1329","700","2015-11-20","2025-12-20","credit"),
  (252,238,"4916 6594 7565 6647","302","2015-10-24","2026-08-22","credit"),
  (253,427,"4556 8947 7927 6413","218","2021-01-31","2025-04-29","credit"),
  (254,392,"4716 8927 7553 5375","341","2019-03-13","2028-03-08","credit"),
  (255,312,"4539 4383 4663 2484","546","2011-05-24","2030-06-10","credit"),
  (256,435,"4024 0071 4287 6751","870","2022-05-31","2027-06-14","credit"),
  (257,261,"4716 2835 7349 4421","787","2017-07-13","2029-07-10","credit"),
  (258,84,"4485 1847 2272 7258","515","2002-09-27","2029-03-08","credit"),
  (259,25,"4485 4791 7667 3788","627","2015-04-28","2029-05-22","credit"),
  (260,171,"4284 9839 3779 6393","793","2020-08-31","2024-04-03","credit");
INSERT INTO `tarjeta` (`cardbrand_id`,`account_id`,`card_number`,`CVV`,`valid_from`,`expiration_date`,`card_type`)
VALUES
  (261,330,"4127 5487 8955 2649","228","2020-08-30","2024-05-12","credit"),
  (262,342,"4485 5547 5768 3727","674","2008-03-22","2029-07-03","credit"),
  (263,12,"4868 1823 1113 2978","537","2004-08-23","2026-05-22","credit"),
  (264,28,"4463 3266 6467 8322","221","2020-07-23","2023-11-21","credit"),
  (265,392,"4539 3693 3567 8867","586","2015-03-16","2024-06-23","credit"),
  (266,70,"4387 8995 3753 6847","113","2005-08-09","2029-05-26","credit"),
  (267,34,"4485 2894 7947 3327","477","2007-03-30","2023-06-02","credit"),
  (268,427,"4485 1775 5741 8456","672","2012-03-23","2025-08-24","credit"),
  (269,237,"4716 1543 2752 8410","117","2010-04-05","2025-08-15","credit"),
  (270,278,"4929 5824 2288 4952","125","2000-01-02","2026-09-30","credit");
INSERT INTO `tarjeta` (`cardbrand_id`,`account_id`,`card_number`,`CVV`,`valid_from`,`expiration_date`,`card_type`)
VALUES
  (271,91,"4024 0071 7267 4746","864","2013-11-12","2023-07-12","credit"),
  (272,217,"4929 5342 8754 5848","714","2008-11-29","2023-01-04","credit"),
  (273,496,"4996 2735 5556 1678","683","2009-03-13","2026-10-12","credit"),
  (274,417,"4024 0071 3123 7486","857","2008-04-16","2030-10-18","credit"),
  (275,34,"4716 6855 2844 4741","728","2010-08-27","2029-10-25","credit"),
  (276,8,"4556 1923 8838 8483","345","2006-10-12","2025-11-29","credit"),
  (277,453,"4916 7351 1786 3880","369","2011-09-14","2029-08-26","credit"),
  (278,261,"4265 7648 3712 5377","319","2021-07-27","2028-07-04","credit"),
  (279,18,"4883 7147 6471 1469","357","2019-04-28","2024-07-07","credit"),
  (280,260,"4929 2547 7337 6349","656","2014-04-17","2030-10-15","credit");
INSERT INTO `tarjeta` (`cardbrand_id`,`account_id`,`card_number`,`CVV`,`valid_from`,`expiration_date`,`card_type`)
VALUES
  (281,470,"4934 4325 2449 3745","738","2014-06-25","2026-01-11","credit"),
  (282,24,"4916 8133 8331 7525","443","2022-04-21","2027-04-19","credit"),
  (283,122,"4929 2764 7848 7725","935","2018-01-06","2024-04-28","credit"),
  (284,197,"4532 4464 9182 7244","457","2008-12-04","2029-08-06","credit"),
  (285,304,"4539 6575 8432 9970","550","2000-09-21","2024-04-11","credit"),
  (286,496,"4485 4252 1339 3997","287","2015-07-30","2027-04-18","credit"),
  (287,24,"4532 4854 5528 7359","605","2019-08-03","2024-05-05","credit"),
  (288,491,"4485 9327 1858 1810","421","2018-12-29","2024-01-07","credit"),
  (289,145,"4929 2738 6289 7858","299","2022-07-31","2028-09-03","credit"),
  (290,481,"4716 4542 4888 4664","840","2020-07-18","2027-08-12","credit");
INSERT INTO `tarjeta` (`cardbrand_id`,`account_id`,`card_number`,`CVV`,`valid_from`,`expiration_date`,`card_type`)
VALUES
  (291,172,"4539 8976 4832 7665","307","2013-05-10","2024-04-11","credit"),
  (292,343,"4539 2148 2289 2623","478","2003-08-21","2024-03-19","credit"),
  (293,206,"4024 0071 1847 5224","539","2008-03-26","2024-11-10","credit"),
  (294,47,"4929 5247 3637 6630","414","2005-09-01","2027-09-18","credit"),
  (295,458,"4549 2227 1263 9127","905","2017-02-21","2024-09-23","credit"),
  (296,139,"4916 6235 7532 7285","838","2000-01-04","2028-07-12","credit"),
  (297,252,"4916 2457 6713 5852","548","2017-07-14","2023-10-28","credit"),
  (298,47,"4929 6568 9573 6517","237","2007-07-07","2028-12-06","credit"),
  (299,402,"4485 4866 6162 2345","851","2008-05-17","2023-06-12","credit"),
  (300,92,"4432 1777 4926 9126","157","2014-05-19","2025-02-16","credit");
INSERT INTO `tarjeta` (`cardbrand_id`,`account_id`,`card_number`,`CVV`,`valid_from`,`expiration_date`,`card_type`)
VALUES
  (301,263,"4024 0071 4663 8892","330","2016-01-18","2024-11-05","credit"),
  (302,163,"4474 7479 5732 7862","941","2019-06-14","2029-03-19","credit"),
  (303,94,"4929 6318 4525 5868","149","2007-06-12","2030-08-26","credit"),
  (304,346,"4916 6636 7596 6780","714","2022-05-18","2023-05-19","credit"),
  (305,367,"4485 2666 7781 6788","437","2012-01-20","2025-10-22","credit"),
  (306,127,"4935 6673 9625 7590","304","2002-10-13","2028-07-03","credit"),
  (307,478,"4532 8627 3425 5649","844","2015-06-22","2024-01-23","credit"),
  (308,415,"4539 5327 4247 9787","497","2008-10-12","2026-04-24","credit"),
  (309,101,"4485 9514 9558 2643","228","2007-01-18","2028-08-28","credit"),
  (310,218,"4485 3563 3343 6210","751","2004-06-03","2030-08-06","credit");
INSERT INTO `tarjeta` (`cardbrand_id`,`account_id`,`card_number`,`CVV`,`valid_from`,`expiration_date`,`card_type`)
VALUES
  (311,129,"4929 2524 5762 4778","830","2003-10-18","2024-11-30","credit"),
  (312,445,"4929 3924 3545 1736","755","2006-05-26","2024-10-22","credit"),
  (313,150,"4716 4178 8845 7380","171","2000-03-26","2023-06-16","credit"),
  (314,426,"4539 8587 2276 7937","935","2012-06-20","2029-08-13","credit"),
  (315,242,"4696 9636 4541 3244","845","2006-01-19","2027-11-10","credit"),
  (316,9,"4532 4483 5461 9163","290","2019-10-13","2023-09-08","credit"),
  (317,308,"4716 4624 4363 3620","934","2012-03-03","2026-12-07","credit"),
  (318,425,"4916 5255 8572 6226","248","2001-03-23","2027-08-17","credit"),
  (319,477,"4485 6441 8834 2421","292","2015-11-19","2023-11-10","credit"),
  (320,395,"4556 2161 7494 6574","115","2022-03-22","2029-04-19","credit");
INSERT INTO `tarjeta` (`cardbrand_id`,`account_id`,`card_number`,`CVV`,`valid_from`,`expiration_date`,`card_type`)
VALUES
  (321,456,"4532 9166 3267 6247","848","2021-12-05","2026-07-15","credit"),
  (322,107,"4532 4523 6586 9981","785","2000-05-12","2023-04-09","credit"),
  (323,180,"4738 4427 3286 3264","189","2015-04-03","2024-06-04","credit"),
  (324,136,"4724 3822 8357 7267","753","2005-10-14","2024-11-19","credit"),
  (325,474,"4024 0071 5825 7367","348","2004-09-30","2029-05-18","credit"),
  (326,353,"4532 1242 4675 8424","326","2008-07-16","2028-06-08","credit"),
  (327,171,"4929 3132 1732 9239","384","2011-08-03","2025-11-01","credit"),
  (328,206,"4716 8371 1672 4931","191","2010-11-06","2024-05-24","credit"),
  (329,371,"4539 2845 7158 9761","411","2008-03-11","2024-11-17","credit"),
  (330,3,"4024 0071 3484 6499","502","2018-03-09","2025-11-17","credit");
INSERT INTO `tarjeta` (`cardbrand_id`,`account_id`,`card_number`,`CVV`,`valid_from`,`expiration_date`,`card_type`)
VALUES
  (331,202,"4024 0071 4684 4961","491","2018-01-13","2025-10-02","credit"),
  (332,252,"4716 7853 2929 5431","277","2022-02-21","2030-07-25","credit"),
  (333,180,"4539 5332 8833 3586","590","2009-07-02","2024-08-12","credit"),
  (334,67,"4539 8723 3688 3782","590","2004-04-27","2024-06-13","credit"),
  (335,223,"4485 6522 2948 7873","740","2011-01-26","2029-06-28","credit"),
  (336,226,"4556 6862 5356 8210","423","2021-05-18","2027-04-30","credit"),
  (337,194,"4539 4335 2266 4856","443","2003-12-08","2029-10-27","credit"),
  (338,266,"4556 2299 6373 8961","709","2018-09-28","2025-08-23","credit"),
  (339,291,"4556 1467 3744 5410","652","2008-02-10","2023-01-11","credit"),
  (340,339,"4024 0071 1284 6693","409","2016-03-02","2030-05-30","credit");
INSERT INTO `tarjeta` (`cardbrand_id`,`account_id`,`card_number`,`CVV`,`valid_from`,`expiration_date`,`card_type`)
VALUES
  (341,101,"4532 4367 9352 4235","720","2002-04-29","2024-07-01","credit"),
  (342,179,"4485 1493 9422 5717","680","2001-01-11","2024-07-14","credit"),
  (343,361,"4539 7965 1337 7641","628","2004-05-24","2029-11-16","credit"),
  (344,439,"4716 8276 5355 1441","352","2014-02-24","2028-12-28","credit"),
  (345,293,"4716 4635 5123 6180","469","2002-02-16","2024-06-02","credit"),
  (346,30,"4916 8724 7335 1521","865","2004-07-09","2028-09-06","credit"),
  (347,119,"4024 0071 2875 8791","346","2012-05-05","2023-08-08","credit"),
  (348,425,"4556 8584 9659 6171","521","2006-01-30","2029-10-12","credit"),
  (349,83,"4485 8282 8676 6330","288","2003-04-21","2025-08-26","credit"),
  (350,285,"4485 3585 7471 6227","774","2011-02-17","2023-05-24","credit");
INSERT INTO `tarjeta` (`cardbrand_id`,`account_id`,`card_number`,`CVV`,`valid_from`,`expiration_date`,`card_type`)
VALUES
  (351,316,"4626 2435 9748 4831","589","2008-03-29","2030-06-15","credit"),
  (352,38,"4024 0071 5756 6552","595","2002-04-23","2026-11-15","credit"),
  (353,78,"4916 3138 5613 2550","461","2009-08-16","2023-06-16","credit"),
  (354,256,"4485 5512 1242 2279","277","2017-04-16","2029-06-15","credit"),
  (355,146,"4929 2924 4535 7560","641","2008-08-19","2024-06-02","credit"),
  (356,462,"4539 5495 3146 5371","710","2002-04-10","2028-12-09","credit"),
  (357,488,"4716 7465 2233 9277","562","2017-07-06","2026-06-27","credit"),
  (358,310,"4716 6369 5366 9849","188","2019-06-14","2023-11-25","credit"),
  (359,137,"4024 0071 5165 4511","750","2009-02-10","2028-10-23","credit"),
  (360,361,"4251 5387 1272 7150","832","2020-08-17","2030-05-02","credit");
INSERT INTO `tarjeta` (`cardbrand_id`,`account_id`,`card_number`,`CVV`,`valid_from`,`expiration_date`,`card_type`)
VALUES
  (361,387,"4556 7855 7759 4538","284","2006-06-05","2026-03-26","credit"),
  (362,193,"4485 5868 5296 2697","999","2010-06-24","2025-09-23","credit"),
  (363,132,"4716 5448 6385 8520","528","2000-03-02","2024-09-30","credit"),
  (364,234,"4929 4337 5261 3266","752","2013-01-23","2023-01-26","credit"),
  (365,75,"4539 9583 8333 2334","151","2020-07-11","2029-01-29","credit"),
  (366,121,"4024 0071 5759 5890","399","2014-03-14","2024-03-13","credit"),
  (367,85,"4539 2347 3387 6358","437","2021-11-11","2030-08-13","credit"),
  (368,405,"4024 0071 3925 8211","953","2002-07-30","2030-09-16","credit"),
  (369,376,"4485 5574 7583 7137","743","2008-02-27","2027-01-08","credit"),
  (370,256,"4485 3436 4776 8470","119","2011-08-06","2030-06-14","credit");
INSERT INTO `tarjeta` (`cardbrand_id`,`account_id`,`card_number`,`CVV`,`valid_from`,`expiration_date`,`card_type`)
VALUES
  (371,408,"4532 6435 8571 1447","449","2006-06-07","2024-09-28","credit"),
  (372,340,"4716 9655 2368 1327","341","2001-12-02","2027-09-05","credit"),
  (373,448,"4567 8983 6394 4390","351","2000-01-24","2030-05-26","credit"),
  (374,140,"4556 7668 3948 5871","175","2022-07-03","2026-12-18","credit"),
  (375,446,"4716 3327 4586 8846","842","2012-08-30","2025-05-09","credit"),
  (376,380,"4235 5222 2252 6493","616","2011-02-16","2023-01-21","credit"),
  (377,43,"4556 2444 6751 7225","403","2003-02-21","2028-10-05","credit"),
  (378,185,"4532 2166 5749 8274","997","2000-04-01","2029-01-16","credit"),
  (379,493,"4556 9242 5288 6444","286","2019-07-08","2023-07-31","credit"),
  (380,359,"4929 8324 2488 7168","255","2015-11-03","2030-01-11","credit");
INSERT INTO `tarjeta` (`cardbrand_id`,`account_id`,`card_number`,`CVV`,`valid_from`,`expiration_date`,`card_type`)
VALUES
  (381,76,"4024 0071 5518 7377","696","2015-08-02","2027-10-03","credit"),
  (382,413,"4532 7529 2484 7612","333","2002-10-24","2024-01-23","credit"),
  (383,171,"4485 8878 2632 5734","234","2022-08-04","2029-04-15","credit"),
  (384,287,"4485 5933 7123 3543","453","2006-05-22","2027-03-09","credit"),
  (385,255,"4485 4424 3124 2765","789","2009-07-25","2026-08-05","credit"),
  (386,377,"4532 2735 8767 7857","846","2001-01-09","2026-12-19","credit"),
  (387,183,"4539 6873 6989 6869","810","2010-11-11","2026-06-15","credit"),
  (388,233,"4024 0071 6893 9475","294","2001-06-23","2028-04-29","credit"),
  (389,171,"4539 4687 7464 8769","669","2011-07-11","2025-02-08","credit"),
  (390,279,"4539 6798 3452 6767","473","2014-02-19","2030-12-26","credit");
INSERT INTO `tarjeta` (`cardbrand_id`,`account_id`,`card_number`,`CVV`,`valid_from`,`expiration_date`,`card_type`)
VALUES
  (391,40,"4532 7187 5268 1258","263","2018-05-13","2029-10-25","credit"),
  (392,453,"4556 6142 6483 3548","305","2003-08-09","2026-10-24","credit"),
  (393,69,"4929 9656 6377 3663","493","2022-02-22","2023-12-16","credit"),
  (394,198,"4539 3376 8236 1213","803","2005-05-17","2025-07-06","credit"),
  (395,400,"4485 6734 2544 9467","334","2008-07-02","2029-02-15","credit"),
  (396,110,"4024 0071 5621 8478","502","2013-11-20","2030-09-11","credit"),
  (397,406,"4532 5382 3621 2714","492","2000-05-21","2030-12-10","credit"),
  (398,13,"4764 7247 4462 2169","188","2008-07-22","2024-08-05","credit"),
  (399,388,"4539 8883 2459 1682","482","2008-12-20","2026-02-02","credit"),
  (400,102,"4556 4271 4737 4352","340","2002-01-09","2023-09-01","credit");
INSERT INTO `tarjeta` (`cardbrand_id`,`account_id`,`card_number`,`CVV`,`valid_from`,`expiration_date`,`card_type`)
VALUES
  (401,31,"4532 3577 3553 8150","839","2014-09-21","2027-08-06","credit"),
  (402,9,"4539 2498 7282 3326","464","2010-02-08","2024-07-06","credit"),
  (403,221,"4556 3161 4183 8670","224","2012-12-23","2023-02-25","credit"),
  (404,33,"4532 4166 5332 8372","919","2017-07-20","2024-11-30","credit"),
  (405,251,"4485 5315 2323 9380","283","2009-01-04","2027-10-05","credit"),
  (406,177,"4532 6681 4826 8619","212","2002-10-09","2024-06-22","credit"),
  (407,320,"4485 4251 4135 3535","326","2012-01-18","2027-05-18","credit"),
  (408,428,"4916 3167 7477 2225","374","2000-09-26","2024-05-25","credit"),
  (409,348,"4716 2125 5398 1669","181","2020-02-25","2025-02-18","credit"),
  (410,368,"4539 6499 4889 4179","847","2009-11-30","2026-04-10","credit");
INSERT INTO `tarjeta` (`cardbrand_id`,`account_id`,`card_number`,`CVV`,`valid_from`,`expiration_date`,`card_type`)
VALUES
  (411,328,"4929 7593 7225 2451","246","2014-03-31","2025-12-10","credit"),
  (412,459,"4916 7813 4264 7920","279","2013-09-12","2026-12-20","credit"),
  (413,122,"4929 8226 7245 8481","744","2016-03-01","2024-10-27","credit"),
  (414,302,"4916 6224 2196 8920","809","2002-09-25","2025-01-19","credit"),
  (415,278,"4024 0071 7844 4284","513","2014-07-20","2024-07-08","credit"),
  (416,479,"4485 3381 1992 2480","541","2017-09-21","2024-01-23","credit"),
  (417,477,"4929 5256 4653 5934","497","2018-01-31","2029-10-19","credit"),
  (418,136,"4916 5238 9854 5953","643","2008-04-16","2029-07-25","credit"),
  (419,182,"4532 6335 3346 5386","899","2018-06-21","2025-03-04","credit"),
  (420,264,"4556 6839 6918 3269","365","2021-08-21","2024-08-08","credit");
INSERT INTO `tarjeta` (`cardbrand_id`,`account_id`,`card_number`,`CVV`,`valid_from`,`expiration_date`,`card_type`)
VALUES
  (421,187,"4556 2857 2928 5564","791","2001-08-01","2029-10-01","credit"),
  (422,67,"4539 6776 6982 3374","282","2014-12-20","2030-11-19","credit"),
  (423,485,"4275 5882 6612 6970","284","2020-03-01","2030-06-27","credit"),
  (424,395,"4916 5818 9323 2399","693","2008-05-27","2027-12-25","credit"),
  (425,86,"4929 3393 7386 3836","255","2021-12-08","2027-09-07","credit"),
  (426,431,"4916 5253 6563 8120","632","2001-08-20","2027-02-06","credit"),
  (427,135,"4916 9577 7271 3321","532","2016-07-27","2029-08-04","credit"),
  (428,91,"4485 3396 2592 8896","435","2015-05-25","2025-04-12","credit"),
  (429,66,"4171 6779 7835 6226","868","2022-02-20","2023-04-27","credit"),
  (430,31,"4743 7557 9469 6840","770","2003-04-22","2023-10-11","credit");
INSERT INTO `tarjeta` (`cardbrand_id`,`account_id`,`card_number`,`CVV`,`valid_from`,`expiration_date`,`card_type`)
VALUES
  (431,297,"4024 0071 2846 8276","394","2016-11-30","2024-08-09","credit"),
  (432,296,"4768 3292 4586 5741","383","2011-12-17","2023-01-10","credit"),
  (433,385,"4556 5566 6412 2826","813","2013-04-28","2029-10-23","credit"),
  (434,75,"4716 3379 2917 4671","962","2000-10-14","2030-11-16","credit"),
  (435,17,"4716 1844 3642 4888","997","2005-12-19","2030-04-16","credit"),
  (436,497,"4024 0071 4567 3817","353","2002-11-15","2024-12-05","credit"),
  (437,154,"4929 7444 8846 3242","714","2000-03-26","2025-06-16","credit"),
  (438,224,"4539 6845 1287 2566","627","2017-05-23","2024-03-11","credit"),
  (439,345,"4556 2388 1734 8687","692","2009-06-24","2030-12-06","credit"),
  (440,383,"4716 7446 5531 4415","181","2013-11-17","2023-07-27","credit");
INSERT INTO `tarjeta` (`cardbrand_id`,`account_id`,`card_number`,`CVV`,`valid_from`,`expiration_date`,`card_type`)
VALUES
  (441,179,"4024 0071 2794 2297","261","2003-03-14","2027-01-18","credit"),
  (442,65,"4916 2463 7684 7549","986","2008-04-27","2025-11-27","credit"),
  (443,249,"4929 4972 5735 8461","640","2019-08-01","2027-04-09","credit"),
  (444,108,"4739 8866 9687 2852","242","2015-11-03","2027-10-05","credit"),
  (445,248,"4929 4364 3138 8366","486","2005-08-29","2028-01-12","credit"),
  (446,354,"4716 1181 3718 1884","593","2003-05-23","2025-02-05","credit"),
  (447,288,"4532 3249 7599 3347","906","2008-01-05","2023-01-21","credit"),
  (448,275,"4024 0071 4255 2766","681","2018-10-14","2027-05-30","credit"),
  (449,200,"4727 8729 7987 3548","639","2000-12-16","2023-06-08","credit"),
  (450,279,"4716 6893 6463 2492","945","2000-10-02","2027-11-12","credit");
INSERT INTO `tarjeta` (`cardbrand_id`,`account_id`,`card_number`,`CVV`,`valid_from`,`expiration_date`,`card_type`)
VALUES
  (451,55,"4993 3441 7545 8364","939","2012-02-28","2025-05-20","credit"),
  (452,435,"4024 0071 4512 7640","411","2007-12-21","2024-03-19","credit"),
  (453,80,"4485 3687 5962 1829","350","2009-02-26","2023-09-27","credit"),
  (454,77,"4485 6578 9147 5353","401","2007-08-04","2028-04-20","credit"),
  (455,474,"4716 7224 9728 8955","430","2006-12-18","2024-07-10","credit"),
  (456,315,"4716 5833 4757 5391","202","2007-09-14","2027-02-03","credit"),
  (457,72,"4951 9263 9867 1888","678","2009-03-09","2026-04-24","credit"),
  (458,90,"4424 9161 9316 9229","258","2007-07-11","2029-09-02","credit"),
  (459,228,"4928 8128 8246 4339","475","2004-02-20","2026-06-07","credit"),
  (460,345,"4716 6748 5676 4441","968","2013-08-17","2026-07-03","credit");
INSERT INTO `tarjeta` (`cardbrand_id`,`account_id`,`card_number`,`CVV`,`valid_from`,`expiration_date`,`card_type`)
VALUES
  (461,275,"4723 7185 5446 4399","810","2000-12-26","2024-06-27","credit"),
  (462,301,"4716 9343 8782 8762","870","2021-08-09","2030-12-23","credit"),
  (463,406,"4539 8576 2338 2432","208","2019-11-21","2023-07-20","credit"),
  (464,450,"4716 9565 6978 8886","504","2018-01-27","2023-11-08","credit"),
  (465,463,"4556 5761 4495 7740","583","2019-04-11","2030-08-29","credit"),
  (466,440,"4556 5126 8888 5690","132","2019-11-30","2030-11-23","credit"),
  (467,189,"4753 9936 6678 3639","221","2011-12-10","2029-07-20","credit"),
  (468,201,"4532 6326 2679 2474","860","2017-04-18","2028-08-20","credit"),
  (469,413,"4539 2512 5842 5122","206","2002-07-15","2023-02-28","credit"),
  (470,171,"4532 5414 3483 2374","990","2016-02-05","2029-03-01","credit");
INSERT INTO `tarjeta` (`cardbrand_id`,`account_id`,`card_number`,`CVV`,`valid_from`,`expiration_date`,`card_type`)
VALUES
  (471,430,"4929 9292 6628 4783","584","2019-09-25","2029-10-13","credit"),
  (472,29,"4929 8564 9754 5528","887","2002-01-30","2027-11-04","credit"),
  (473,141,"4933 5631 3592 3786","870","2005-02-13","2024-10-12","credit"),
  (474,283,"4024 0071 6326 7781","787","2020-01-04","2024-05-11","credit"),
  (475,222,"4916 5844 3636 4570","572","2010-05-15","2027-05-27","credit"),
  (476,254,"4929 7564 5777 6420","674","2007-03-02","2030-05-23","credit"),
  (477,142,"4532 5784 7348 2463","673","2004-04-22","2027-07-04","credit"),
  (478,375,"4539 5546 6256 8415","557","2009-02-03","2027-02-28","credit"),
  (479,18,"4532 5853 2863 9189","782","2001-07-17","2027-10-12","credit"),
  (480,489,"4929 8321 9459 7146","969","2009-11-02","2024-08-16","credit");
INSERT INTO `tarjeta` (`cardbrand_id`,`account_id`,`card_number`,`CVV`,`valid_from`,`expiration_date`,`card_type`)
VALUES
  (481,328,"4916 6297 4977 2520","642","2021-09-16","2030-08-12","credit"),
  (482,37,"4286 4882 5649 5245","956","2011-09-05","2026-07-12","credit"),
  (483,447,"4929 3721 6975 8597","937","2020-08-26","2025-07-22","credit"),
  (484,499,"4716 2566 2555 9318","541","2010-08-25","2023-07-09","credit"),
  (485,422,"4929 3677 4656 7776","563","2016-07-17","2029-12-05","credit"),
  (486,143,"4822 7111 6755 2874","756","2005-09-26","2023-02-04","credit"),
  (487,367,"4716 4728 2256 8248","151","2013-11-26","2028-07-10","credit"),
  (488,62,"4929 5443 3528 8259","172","2013-07-28","2024-10-10","credit"),
  (489,387,"4929 6818 5732 6222","725","2008-04-29","2025-03-16","credit"),
  (490,17,"4024 0071 2658 7762","504","2004-05-10","2025-07-30","credit");
INSERT INTO `tarjeta` (`cardbrand_id`,`account_id`,`card_number`,`CVV`,`valid_from`,`expiration_date`,`card_type`)
VALUES
  (491,301,"4024 0071 2523 7377","950","2005-02-15","2023-04-25","credit"),
  (492,102,"4539 6823 6752 3151","870","2020-05-24","2023-03-01","credit"),
  (493,55,"4024 0071 2942 3726","894","2021-04-05","2024-02-28","credit"),
  (494,177,"4716 6552 9657 8541","112","2017-02-25","2025-07-06","credit"),
  (495,414,"4539 8255 4567 2156","842","2010-02-27","2024-08-03","credit"),
  (496,115,"4532 8783 2563 7292","948","2003-01-12","2024-08-28","credit"),
  (497,40,"4024 0071 4939 3925","893","2000-09-04","2025-08-21","credit"),
  (498,275,"4556 3858 5288 4892","547","2002-05-16","2026-06-12","credit"),
  (499,16,"4024 0071 2637 5754","329","2015-06-12","2024-06-04","credit"),
  (500,432,"4539 6588 1848 2858","290","2018-05-21","2027-07-22","credit");


UPDATE tipo_cliente 
SET cu_type = 'GOLD'
WHERE customer_id IN (SELECT customer_id FROM cuenta GROUP BY customer_id HAVING COUNT(customer_id) > 1 );

UPDATE tipo_cliente 
SET cu_type = 'GOLD'
WHERE customer_id IN (SELECT customer_id FROM cuenta GROUP BY customer_id HAVING COUNT(customer_id) = 1 )
AND EXISTS (SELECT customer_id FROM cuenta WHERE balance < 0 AND customer_id = tipo_cliente.customer_id);

UPDATE tipo_cliente 
SET cu_type = 'BLACK'
WHERE customer_id IN (SELECT customer_id FROM cuenta GROUP BY customer_id HAVING COUNT(customer_id) > 2 );

UPDATE tipo_cuenta 
SET ac_type = 'Cuenta Corriente'
WHERE account_id IN (SELECT account_id FROM cuenta WHERE balance < 0);

UPDATE tipo_cuenta 
SET ac_type = 'Caja de ahorro en dlares'
WHERE account_id IN (SELECT account_id FROM cuenta WHERE balance > 0 GROUP BY customer_id HAVING COUNT(customer_id) > 1);

UPDATE marca_tarjeta 
SET card_brand = 'MASTERCARD'
WHERE card_id IN (SELECT card_id FROM tarjeta WHERE account_id IN (SELECT account_id FROM tipo_cuenta WHERE ac_type = 'Cuenta Corriente'));

UPDATE marca_tarjeta 
SET card_brand = 'AMEX'
WHERE card_id IN (SELECT card_id FROM tarjeta WHERE account_id IN (SELECT account_id FROM tipo_cuenta WHERE ac_type = 'Caja de ahorro en dlares'));

UPDATE tarjeta
SET customer_id = (SELECT customer_id FROM cuenta WHERE account_id = tarjeta.account_id);


CREATE TABLE direccion ( 
	address_id INTEGER PRIMARY KEY AUTOINCREMENT,
	address TEXT NOT NULL,
	postal_zip TEXT NOT NULL,
	city TEXT NOT NULL,
	state TEXT NOT NULL,
	country TEXT NOT NULL,
    branch_id INTEGER,
    customer_id INTEGER,
    employee_id INTEGER,
    FOREIGN KEY (branch_id) REFERENCES sucursal(branch_id),
    FOREIGN KEY (customer_id) REFERENCES cliente(customer_id),
    FOREIGN KEY (employee_id) REFERENCES empleado(employee_id)
);

INSERT INTO `direccion` (`address`,`postal_zip`,`city`,`state`,`country`,`branch_id`)
VALUES
  ("2953 Sem Rd.","2628 SR","Enschede","Overijssel","Netherlands",1),
  ("P.O. Box 867, 2581 Ante Rd.","273362","Awka","Anambra","Nigeria",2),
  ("420-5381 Nonummy Av.","7233","Santiago","Cagayan Valley","Philippines",3),
  ("500-376 Turpis Road","34601","Akhisar","Manisa","Turkey",4),
  ("997-7162 Tellus Rd.","48526","Santo Stefano Quisquina","Sicilia","Italy",5),
  ("264-1071 Sed Av.","1733","Steyr","Upper Austria","Austria",6),
  ("452-8923 In St.","89-858","Elblg","Warmisko-mazurskie","Poland",7),
  ("Ap #561-3726 Parturient St.","0432 DK","Leersum","Utrecht","Netherlands",8),
  ("Ap #560-7192 Id Av.","5234","Canberra","Australian Capital Territory","Australia",9),
  ("6849 Metus. Avenue","8987 PI","Utrecht","Utrecht","Netherlands",10);
INSERT INTO `direccion` (`address`,`postal_zip`,`city`,`state`,`country`,`branch_id`)
VALUES
  ("Ap #763-8770 In Rd.","24765","Ludvika","Dalarnas ln","Sweden",11),
  ("835-7754 Aliquam St.","38877","Pazarck","Kahramanmara","Turkey",12),
  ("5664 Egestas Rd.","366895","Kano","Kano","Nigeria",13),
  ("6762 Adipiscing St.","97935","Offida","Marche","Italy",14),
  ("Ap #246-5889 Lobortis Road","977321","Mandya","Karnataka","India",15),
  ("Ap #163-9391 Luctus St.","75702","Vannes","Bretagne","France",16),
  ("140-8033 Taciti Avenue","84-53","Khrustalnyi","Luhansk oblast","Ukraine",17),
  ("808-3211 Lacinia St.","5260-2968","Secunda","Mpumalanga","South Africa",18),
  ("P.O. Box 712, 4298 Vestibulum, Rd.","300383","Tula","Tula Oblast","Russian Federation",19),
  ("Ap #694-5802 Bibendum Avenue","04008","Brive-la-Gaillarde","Limousin","France",20);
INSERT INTO `direccion` (`address`,`postal_zip`,`city`,`state`,`country`,`branch_id`)
VALUES
  ("P.O. Box 717, 4084 Varius. Ave","2870","Varsenare","West-Vlaanderen","Belgium",21),
  ("9484 Tempus, Street","77757","Aubagne","Provence-Alpes-Cte d'Azur","France",22),
  ("Ap #313-4137 Mus. Ave","3213","Wolfurt","Vorarlberg","Austria",23),
  ("P.O. Box 601, 4740 Neque St.","1759","Whakatane","North Island","New Zealand",24),
  ("Ap #996-7227 Neque Street","26658-87046","Jurez","Chihuahua","Mexico",25),
  ("680-6986 In St.","25696","Chimbote","Ancash","Peru",26),
  ("3082 Congue Road","65911-614","So Lus","Maranho","Brazil",27),
  ("Ap #169-7557 Semper St.","R2C 5L4","Fredericton","New Brunswick","Canada",28),
  ("Ap #372-3558 Aliquet, Road","97-15","Donetsk","Donetsk oblast","Ukraine",29),
  ("Ap #484-5347 Orci Avenue","981836","Simpang","North Region","Singapore",30);
INSERT INTO `direccion` (`address`,`postal_zip`,`city`,`state`,`country`,`branch_id`)
VALUES
  ("Ap #165-2018 Egestas, Road","24772","Bafra","Samsun","Turkey",31),
  ("358-6759 Penatibus Rd.","51718","Liberia","Guanacaste","Costa Rica",32),
  ("875-3949 Nunc. Street","603088","Nizhny","Nizhny Novgorod Oblast","Russian Federation",33),
  ("458-1744 Hendrerit. St.","2681-7310","Parys","Free State","South Africa",34),
  ("P.O. Box 780, 5340 Nulla. St.","467643","Itag","Antioquia","Colombia",35),
  ("Ap #780-4300 Libero Rd.","16483","Karapnar","Konya","Turkey",36),
  ("P.O. Box 105, 5714 Sollicitudin St.","470487","Jiangsu","Hudng","China",37),
  ("Ap #457-1621 Elit. Ave","26115-64319","Oaxaca","Oaxaca","Mexico",38),
  ("Ap #193-3678 Tellus. Street","587322","Quintero","Valparaso","Chile",39),
  ("Ap #388-6414 Venenatis Av.","61808","Tidore","North Maluku","Indonesia",40);
INSERT INTO `direccion` (`address`,`postal_zip`,`city`,`state`,`country`,`branch_id`)
VALUES
  ("Ap #867-1290 Vestibulum Ave","9712 BP","Almelo","Overijssel","Netherlands",41),
  ("Ap #192-1069 Tempor Rd.","66-551","Gliwice","Slskie","Poland",42),
  ("Ap #392-1489 Pede. Av.","68533","Istres","Provence-Alpes-Cte d'Azur","France",43),
  ("Ap #797-5046 Ut Rd.","L1H 5G7","Port Hope","Ontario","Canada",44),
  ("7506 Ac Avenue","01237","Gallodoro","Sicilia","Italy",45),
  ("P.O. Box 128, 8880 Blandit St.","30614","Tejar","Cartago","Costa Rica",46),
  ("Ap #667-3001 Ultrices Rd.","9168","Malaybalay","Northern Mindanao","Philippines",47),
  ("Ap #570-5473 Sed, St.","308219","Krasnaya Yaruga","Belgorod Oblast","Russian Federation",48),
  ("P.O. Box 775, 639 Adipiscing Av.","249630","Port Harcourt","Rivers","Nigeria",49),
  ("Ap #605-7055 Cursus Rd.","9795","Cork","Munster","Ireland",50);
INSERT INTO `direccion` (`address`,`postal_zip`,`city`,`state`,`country`,`branch_id`)
VALUES
  ("134-1479 Non, St.","3213","Lint","Antwerpen","Belgium",51),
  ("571-609 Quisque Road","H8G 4L5","Hull","Quebec","Canada",52),
  ("576-6411 Tellus St.","346953","Rostov","Rostov Oblast","Russian Federation",53),
  ("281-3060 Est Rd.","22043","Gwangyang","South Jeolla","South Korea",54),
  ("446-6994 Pede. Rd.","23403","Oviedo","Principado de Asturias","Spain",55),
  ("P.O. Box 956, 1239 Auctor Street","88742-077","Cricima","Santa Catarina","Brazil",56),
  ("792-3108 Dictum Road","B7X 7W3","Guysborough","Nova Scotia","Canada",57),
  ("Ap #757-6758 Suspendisse Street","7026","Linz","Upper Austria","Austria",58),
  ("923-5287 Mauris, Av.","20770","aldran","Van","Turkey",59),
  ("Ap #841-4565 Enim St.","54622","Hanau","Hessen","Germany",60);
INSERT INTO `direccion` (`address`,`postal_zip`,`city`,`state`,`country`,`branch_id`)
VALUES
  ("P.O. Box 445, 6427 Consequat Road","IH2W 7DR","Keith","Banffshire","United Kingdom",61),
  ("P.O. Box 252, 1907 Mauris Rd.","502975","Lagos","Lagos","Nigeria",62),
  ("P.O. Box 520, 5389 Ac Road","34695","Palma de Mallorca","Illes Balears","Spain",63),
  ("492-1408 Elit, Road","327248","Owerri","Imo","Nigeria",64),
  ("132-7831 Scelerisque, St.","132232","Bukit Panjang","West Region","Singapore",65),
  ("737-9695 Ullamcorper Avenue","37826","Huaraz","Ancash","Peru",66),
  ("Ap #826-8800 Nulla Rd.","8157","Whakatane","North Island","New Zealand",67),
  ("P.O. Box 997, 9434 Vel Road","H42 1ZY","North Berwick","East Lothian","United Kingdom",68),
  ("Ap #600-7989 Praesent Rd.","LE7V 8IL","Dunfermline","Fife","United Kingdom",69),
  ("Ap #447-325 Tristique Av.","55582","Bengkulu","Bengkulu","Indonesia",70);
INSERT INTO `direccion` (`address`,`postal_zip`,`city`,`state`,`country`,`branch_id`)
VALUES
  ("136-3604 Imperdiet, Rd.","47925","Sullana","Piura","Peru",71),
  ("P.O. Box 247, 2208 Convallis Rd.","528589","Vnh Tr","H Nam","Vietnam",72),
  ("3232 Lacinia Rd.","5324","Hallein","Salzburg","Austria",73),
  ("Ap #627-4871 Enim, Rd.","60822","Semarang","Central Java","Indonesia",74),
  ("P.O. Box 559, 5639 Iaculis Avenue","454786","Kusa","Chelyabinsk Oblast","Russian Federation",75),
  ("Ap #720-6382 Tortor. St.","16777","Gumi","North Gyeongsang","South Korea",76),
  ("Ap #200-1869 Non, Road","309553","Rakitnoye","Belgorod Oblast","Russian Federation",77),
  ("Ap #547-1938 Ultrices. Av.","24192","Cagnes-sur-Mer","Provence-Alpes-Cte d'Azur","France",78),
  ("P.O. Box 924, 2727 Lorem, Street","8935 NN","Coevorden","Drenthe","Netherlands",79),
  ("344-1203 Sapien Avenue","633376","Barranquilla","Atlntico","Colombia",80);
INSERT INTO `direccion` (`address`,`postal_zip`,`city`,`state`,`country`,`branch_id`)
VALUES
  ("Ap #617-3530 Sed Rd.","715684","Liaoning","Dngbi","China",81),
  ("P.O. Box 541, 4515 Justo Rd.","1314","Lapu-Lapu City","Central Visayas","Philippines",82),
  ("Ap #166-7844 Dui Ave","9197","Steinkjer","Trndelag","Norway",83),
  ("Ap #963-9356 Neque Av.","547471","Zaria","Kaduna","Nigeria",84),
  ("P.O. Box 387, 6048 Non Rd.","5329","Invercargill","South Island","New Zealand",85),
  ("653-5228 A, Rd.","8143","Galway","Connacht","Ireland",86),
  ("Ap #698-3477 Mauris Av.","414934","Akhtubinsk","Astrakhan Oblast","Russian Federation",87),
  ("3764 Congue, Rd.","44650","Akhisar","Manisa","Turkey",88),
  ("974-4565 Sit Rd.","361115","Toba Tek Singh","Punjab","Pakistan",89),
  ("948-2412 Ut Avenue","67231-953","Marab","Par","Brazil",90);
INSERT INTO `direccion` (`address`,`postal_zip`,`city`,`state`,`country`,`branch_id`)
VALUES
  ("P.O. Box 183, 5601 Mauris Rd.","692148","Bhimber","Azad Kashmir","Pakistan",91),
  ("725-1988 Bibendum Rd.","637538","Hunan","Zhngnn","China",92),
  ("Ap #498-7746 Quam Av.","317403","Haveli","Azad Kashmir","Pakistan",93),
  ("344-487 Adipiscing, St.","57-18","Shostka","Sumy oblast","Ukraine",94),
  ("9559 Adipiscing, Avenue","258827","Shaanxi","Xbi","China",95),
  ("Ap #713-4135 Tristique St.","1357","Lipa","Calabarzon","Philippines",96),
  ("Ap #422-7594 Purus. Av.","1039","Odda","Vestland","Norway",97),
  ("Ap #943-9668 Ultricies Rd.","56157-82874","Morelia","Michoacn","Mexico",98),
  ("P.O. Box 866, 9719 Litora Av.","87345","Gijn","Principado de Asturias","Spain",99),
  ("Ap #128-4782 Ullamcorper Avenue","87220","Georgia","Georgia","United States",100);

INSERT INTO `direccion` (`address`,`postal_zip`,`city`,`state`,`country`,`customer_id`)
VALUES
  ("5622 Phasellus Avenue","57616","Blitar","East Java","Indonesia",232),
  ("Ap #619-8538 Felis Rd.","9321","Levin","North Island","New Zealand",347),
  ("Ap #537-2578 Erat, Av.","75-37","Mukachevo","Zakarpattia oblast","Ukraine",408),
  ("Ap #673-6606 Sit Rd.","483483","Buguma","Rivers","Nigeria",464),
  ("P.O. Box 737, 1383 Quisque St.","31625","Cavallino","Puglia","Italy",498),
  ("Ap #546-5869 Eu Rd.","88-72","Lozova","Kharkiv oblast","Ukraine",362),
  ("Ap #891-5458 Ut Road","3742","Hammerfest","Troms og Finnmark","Norway",275),
  ("Ap #486-1642 Lacus. St.","4717","Campbelltown","New South Wales","Australia",123),
  ("333-4358 Faucibus Av.","7804","Grimstad","Agder","Norway",132),
  ("377-7585 Libero St.","13389-575","Carapicuba","So Paulo","Brazil",333);
INSERT INTO `direccion` (`address`,`postal_zip`,`city`,`state`,`country`,`customer_id`)
VALUES
  ("283-5531 Amet Street","5285","Canlaon","Central Visayas","Philippines",402),
  ("664-7896 Fermentum Ave","6222","Elverum","Innlandet","Norway",124),
  ("763-5977 Elementum, St.","32373","eme","zmir","Turkey",251),
  ("4781 Mollis Av.","C5 1WM","Wellingborough","Northamptonshire","United Kingdom",145),
  ("Ap #556-9450 A, Av.","653357","Kemerovo","Kemerovo Oblast","Russian Federation",322),
  ("548-6469 Tristique Ave","8496-5356","Secunda","Mpumalanga","South Africa",398),
  ("621-2238 Phasellus Rd.","638837","Chongqing","Xnn","China",275),
  ("Ap #424-3929 Cursus St.","77362","Sibolga","North Sumatra","Indonesia",364),
  ("955-4814 Ligula. Street","770172","Jamshoro","Sindh","Pakistan",464),
  ("Ap #138-1693 Morbi Av.","89958","Grand Island","Nebraska","United States",435);
INSERT INTO `direccion` (`address`,`postal_zip`,`city`,`state`,`country`,`customer_id`)
VALUES
  ("Ap #407-6463 Lorem. Street","21764","Hamburg","Hamburg","Germany",325),
  ("P.O. Box 275, 8421 Diam Av.","711898","Pozo Almonte","Tarapac","Chile",194),
  ("5616 Ut Street","7204","Sambreville","Namen","Belgium",347),
  ("Ap #302-1701 Nunc St.","73193","Nssj","Jnkpings ln","Sweden",301),
  ("P.O. Box 492, 9911 Non, St.","7149","Belfast","Ulster","Ireland",444),
  ("896-3962 Etiam St.","453276","Tuas","West Region","Singapore",377),
  ("P.O. Box 837, 7449 Magna Av.","563310","Ollage","Antofagasta","Chile",139),
  ("Ap #394-7090 Phasellus Av.","73333","Pekanbaru","Riau","Indonesia",339),
  ("144-6242 Feugiat. Street","378414","Jilin","Dngbi","China",390),
  ("Ap #835-4369 Quam. Rd.","4660","Levanger","Trndelag","Norway",223);
INSERT INTO `direccion` (`address`,`postal_zip`,`city`,`state`,`country`,`customer_id`)
VALUES
  ("4678 Molestie Avenue","8468 HW","Sluis","Zeeland","Netherlands",221),
  ("Ap #836-4532 In Avenue","50206","Siquirres","Limn","Costa Rica",146),
  ("405-2518 Sem Street","42-55","Nizhyn","Chernihiv oblast","Ukraine",372),
  ("299-6653 Ligula. Ave","442774","Bishan","Central Region","Singapore",156),
  ("3526 Sodales St.","8836","Voitsberg","Styria","Austria",128),
  ("P.O. Box 603, 6500 Felis, Rd.","125280","Khyber Agency","FATA","Pakistan",209),
  ("P.O. Box 710, 6263 Sem Street","84443","Falun","Dalarnas ln","Sweden",203),
  ("156-891 Nam Road","9520 MD","Enschede","Overijssel","Netherlands",307),
  ("P.O. Box 428, 1707 Quisque Street","24246","Pettoranello del Molise","Molise","Italy",302),
  ("267-9042 Ullamcorper, Ave","631814","Sevastopol","Sevastopol City","Russian Federation",329);
INSERT INTO `direccion` (`address`,`postal_zip`,`city`,`state`,`country`,`customer_id`)
VALUES
  ("9616 Tincidunt Road","07565","Pohang","North Gyeongsang","South Korea",326),
  ("Ap #975-9307 Vel, Ave","50315","Puntarenas","Puntarenas","Costa Rica",344),
  ("8391 Eu Street","2253","Drammen","Viken","Norway",175),
  ("Ap #833-7333 Vulputate St.","18524","Gimhae","South Gyeongsang","South Korea",383),
  ("Ap #528-3369 Nulla Rd.","738923","Medelln","Antioquia","Colombia",188),
  ("2894 Porttitor Ave","9769 HE","Terneuzen","Zeeland","Netherlands",176),
  ("779-3877 Parturient Ave","612586","Fujian","Hudng","China",277),
  ("P.O. Box 943, 5509 Odio Road","422221","Chakwal","Punjab","Pakistan",401),
  ("312-7695 Nisl Avenue","1741-6035","Empangeni","KwaZulu-Natal","South Africa",381),
  ("2717 Feugiat Ave","831885","Daman","Daman and Diu","India",288);
INSERT INTO `direccion` (`address`,`postal_zip`,`city`,`state`,`country`,`customer_id`)
VALUES
  ("9066 Pede St.","786936","Zipaquir","Cundinamarca","Colombia",382),
  ("3900 Nulla St.","90873","Mamuju","West Sulawesi","Indonesia",204),
  ("Ap #614-3434 Taciti Rd.","666285","Irkutsk","Irkutsk Oblast","Russian Federation",126),
  ("338-1707 Arcu. Ave","4054","Ruisbroek","Vlaams-Brabant","Belgium",391),
  ("P.O. Box 114, 9874 Pede Rd.","740545","Hainan","Zhngnn","China",269),
  ("1225 Proin St.","51401","Puntarenas","Puntarenas","Costa Rica",249),
  ("P.O. Box 945, 6900 Ligula St.","5168","Cotabato City","Bangsamoro","Philippines",345),
  ("835-5784 Luctus St.","17868","Jayapura","Papua","Indonesia",410),
  ("Ap #300-2774 Nulla Rd.","6884","Maasin","Eastern Visayas","Philippines",373),
  ("Ap #417-8073 Cras Rd.","161741","Cherepovets","Vologda Oblast","Russian Federation",230);
INSERT INTO `direccion` (`address`,`postal_zip`,`city`,`state`,`country`,`customer_id`)
VALUES
  ("5349 Vel, Ave","212428","Ty Ninh","Ty Ninh","Vietnam",119),
  ("562-5406 Ut, St.","225357","Haldia","West Bengal","India",141),
  ("4399 Libero St.","4648 ER","Hoorn","Noord Holland","Netherlands",442),
  ("Ap #815-4985 Facilisis, Avenue","735409","Minna","Niger","Nigeria",259),
  ("639-1214 Elit. Rd.","3723","Marilles","Waals-Brabant","Belgium",481),
  ("P.O. Box 358, 3340 Consequat Street","363743","Haridwar","Uttarakhand","India",107),
  ("Ap #135-6641 Cras Rd.","47517","Ferrandina","Basilicata","Italy",319),
  ("Ap #682-2521 Ac Av.","65322-497","Barra do Corda","Maranho","Brazil",360),
  ("P.O. Box 632, 5204 Vulputate, Road","71471-03135","Ciudad Victoria","Tamaulipas","Mexico",121),
  ("Ap #486-8185 Dignissim. Road","23172-217","Niteri","Rio de Janeiro","Brazil",450);
INSERT INTO `direccion` (`address`,`postal_zip`,`city`,`state`,`country`,`customer_id`)
VALUES
  ("Ap #164-4675 Non Road","8234-7716","Sibasa","Limpopo","South Africa",358),
  ("822-6234 Integer Street","611271","Kirov","Kirov Oblast","Russian Federation",461),
  ("Ap #128-548 Ornare Av.","26615","Jeonju","North Jeolla","South Korea",330),
  ("570-5912 Eget Rd.","1446 KL","Lanaken","Limburg","Netherlands",442),
  ("Ap #241-4989 Tempor St.","65-72","Kitsman","Chernivtsi oblast","Ukraine",290),
  ("Ap #902-5050 Aliquet Av.","UX46 3SS","Poole","Dorset","United Kingdom",493),
  ("P.O. Box 604, 2095 Et St.","75-78","Kyiv","Kyiv oblast","Ukraine",312),
  ("2750 Interdum St.","47558","mamolu","Adana","Turkey",467),
  ("Ap #467-9560 Dui. Street","2689","Egersund","Rogaland","Norway",354),
  ("P.O. Box 681, 1484 Eget Rd.","9988","Tokoroa","North Island","New Zealand",192);
INSERT INTO `direccion` (`address`,`postal_zip`,`city`,`state`,`country`,`customer_id`)
VALUES
  ("Ap #421-5391 Ultricies Rd.","3371","Mattersburg","Burgenland","Austria",225),
  ("165-1301 Egestas St.","1467","Molde","Mre og Romsdal","Norway",344),
  ("Ap #897-2220 Sapien, Rd.","2493","Moss","Viken","Norway",478),
  ("Ap #577-620 Egestas, St.","0756-7581","Grahamstown","Eastern Cape","South Africa",483),
  ("581-7166 Commodo Av.","76833","Limena","Veneto","Italy",241),
  ("Ap #141-1671 Suspendisse St.","51117","Le Grand-Quevilly","Haute-Normandie","France",304),
  ("315-3655 Ullamcorper Avenue","23766-28081","Mrida","Yucatn","Mexico",492),
  ("Ap #716-1974 Dolor, Ave","318447","Fundacin","Magdalena","Colombia",333),
  ("931-2471 Fusce Avenue","1855-6135","Giyani","Limpopo","South Africa",166),
  ("Ap #277-4375 Egestas Road","06223","Nssj","Jnkpings ln","Sweden",249);
INSERT INTO `direccion` (`address`,`postal_zip`,`city`,`state`,`country`,`customer_id`)
VALUES
  ("P.O. Box 510, 8174 Mauris Rd.","9741","Vlimmeren","Antwerpen","Belgium",171),
  ("Ap #700-4961 Dolor Ave","1490","Tabuk","Cordillera Administrative Region","Philippines",107),
  ("175-8248 Aliquam Avenue","6813-2639","Port Elizabeth","Eastern Cape","South Africa",251),
  ("Ap #954-5478 Vestibulum St.","7871","Troms","Troms og Finnmark","Norway",397),
  ("Ap #971-2094 Iaculis St.","7776","Canberra","Australian Capital Territory","Australia",369),
  ("P.O. Box 725, 4593 Et Road","8652","Lamitan","Bangsamoro","Philippines",345),
  ("P.O. Box 795, 3131 Sed Rd.","5161","Iriga","Bicol Region","Philippines",189),
  ("Ap #984-199 Hendrerit Rd.","38936","Tarma","Junn","Peru",446),
  ("797-8440 Id Av.","1956-2336","Sibasa","Limpopo","South Africa",196),
  ("255-6436 Luctus St.","044801","San Gregorio","Magallanes y Antrtica Chilena","Chile",131);
INSERT INTO `direccion` (`address`,`postal_zip`,`city`,`state`,`country`,`customer_id`)
VALUES
  ("P.O. Box 268, 3205 Nunc Rd.","30607","Tejar","Cartago","Costa Rica",362),
  ("P.O. Box 193, 3832 Duis Road","626685","Punitaqui","Coquimbo","Chile",246),
  ("963-1893 Nonummy Road","51623-794","Cabo de Santo Agostinho","Pernambuco","Brazil",138),
  ("P.O. Box 983, 2328 Eu Rd.","84078","Berlin","Berlin","Germany",468),
  ("Ap #197-9246 Lorem Av.","43721","Fort Worth","Texas","United States",282),
  ("156-3668 Feugiat Avenue","227238","Central Water Catchment","North Region","Singapore",452),
  ("700-2728 Venenatis Road","582961","Vnh Tr","H Nam","Vietnam",410),
  ("4018 Eros Ave","68633","Stade","Niedersachsen","Germany",194),
  ("1969 Donec Rd.","50105","Gupiles","Limn","Costa Rica",313),
  ("799-8137 Posuere Road","5487","Cauayan","Cagayan Valley","Philippines",445);
INSERT INTO `direccion` (`address`,`postal_zip`,`city`,`state`,`country`,`customer_id`)
VALUES
  ("Ap #641-5851 Sagittis St.","249751","Kaluga","Kaluga Oblast","Russian Federation",182),
  ("9025 At Road","51623","Metz","Lorraine","France",152),
  ("403-9625 Ut St.","456856","Villa del Rosario","Norte de Santander","Colombia",366),
  ("1772 Dapibus Ave","47168","Iquitos","Loreto","Peru",223),
  ("9962 Vel Rd.","80669","Cambridge","Massachusetts","United States",154),
  ("887-6289 Odio. St.","3653-4455","Mahikeng","North West","South Africa",262),
  ("Ap #952-4809 Sed Ave","15109","Tumba","Stockholms ln","Sweden",413),
  ("564-4878 Vehicula Street","47064","Nssj","Jnkpings ln","Sweden",151),
  ("801-3129 Mattis St.","936288","Cumaribo","Vichada","Colombia",494),
  ("Ap #883-5841 Proin St.","143530","Bangalore","Karnataka","India",175);
INSERT INTO `direccion` (`address`,`postal_zip`,`city`,`state`,`country`,`customer_id`)
VALUES
  ("P.O. Box 396, 9567 Tortor, Street","7265","Balclutha","South Island","New Zealand",204),
  ("4922 Malesuada St.","9256-8249","Seshego","Limpopo","South Africa",109),
  ("110-7323 In, Street","8872","Kerikeri","North Island","New Zealand",332),
  ("P.O. Box 444, 2213 Id, Avenue","27140","Goyang","Gyeonggi","South Korea",149),
  ("P.O. Box 657, 4871 Penatibus Rd.","9748","Olongapo","Central Luzon","Philippines",149),
  ("919-1436 Senectus Street","4564","Vienna","Vienna","Austria",113),
  ("8799 Arcu Av.","58635-570","Campina Grande","Paraba","Brazil",305),
  ("470-1402 Quam Rd.","17443","Santo Stefano Quisquina","Sicilia","Italy",240),
  ("Ap #384-4462 Blandit Road","115452","Bn Tre","Bn Tre","Vietnam",324),
  ("137-5273 Dictum Avenue","S3 5MH","Milnathort","Kinross-shire","United Kingdom",323);
INSERT INTO `direccion` (`address`,`postal_zip`,`city`,`state`,`country`,`customer_id`)
VALUES
  ("P.O. Box 753, 220 Elit, Street","4924","New Plymouth","North Island","New Zealand",188),
  ("Ap #244-4244 Imperdiet St.","617653","Karak","Khyber Pakhtoonkhwa","Pakistan",395),
  ("604-4521 Ultrices Ave","878613","Woodlands","North Region","Singapore",280),
  ("123-6789 Mi Rd.","06437","Yeongcheon","North Gyeongsang","South Korea",258),
  ("139-6357 Tellus, Ave","748606","Liaoning","Dngbi","China",207),
  ("366-7702 Maecenas St.","377108","Sargodha","Punjab","Pakistan",470),
  ("9905 Donec Rd.","4776","Lamontze","Luik","Belgium",125),
  ("8104 Fusce St.","345988","Kohima","Nagaland","India",382),
  ("151-1555 Mus. Ave","92888","Castel Guelfo di Bologna","Emilia-Romagna","Italy",296),
  ("P.O. Box 221, 1999 Non, Rd.","851553","Rionegro","Antioquia","Colombia",134);
INSERT INTO `direccion` (`address`,`postal_zip`,`city`,`state`,`country`,`customer_id`)
VALUES
  ("Ap #289-8124 Dolor Road","246777","Lodhran","Punjab","Pakistan",401),
  ("659-5865 Penatibus Rd.","558681","Alto Hospicio","Tarapac","Chile",278),
  ("P.O. Box 270, 3649 Non Av.","46992-482","Camaari","Bahia","Brazil",499),
  ("608-282 Orci St.","425611","Isla de Pascua","Valparaso","Chile",196),
  ("2465 Praesent Avenue","7034","Koronadal","Soccsksargen","Philippines",251),
  ("7367 Nunc Rd.","A4G 5X5","Glovertown","Newfoundland and Labrador","Canada",393),
  ("P.O. Box 908, 3262 Integer Rd.","412231","Saratov","Saratov Oblast","Russian Federation",460),
  ("Ap #391-1288 Sollicitudin Rd.","0384","Himamaylan","Western Visayas","Philippines",498),
  ("Ap #894-1541 Tellus. Ave","Z85 9LH","Moffat","Dumfriesshire","United Kingdom",454),
  ("358-7853 Tempor St.","23282","Icheon","Gyeonggi","South Korea",390);
INSERT INTO `direccion` (`address`,`postal_zip`,`city`,`state`,`country`,`customer_id`)
VALUES
  ("588-5782 Suspendisse Road","3511","Canberra","Australian Capital Territory","Australia",244),
  ("8990 Eu, Street","C4 6NK","Duns","Berwickshire","United Kingdom",233),
  ("Ap #189-4270 Lorem Avenue","K8 1MK","Darlington","Durham","United Kingdom",154),
  ("P.O. Box 880, 2132 Non St.","54508","Istanbul","Istanbul","Turkey",417),
  ("289-9357 Nulla Street","34501","Romano d'Ezzelino","Veneto","Italy",144),
  ("964-5740 Imperdiet St.","8765-6098","King William's Town","Eastern Cape","South Africa",121),
  ("787-9366 Ante Ave","R6C 8B1","Flin Flon","Manitoba","Canada",439),
  ("9860 Vitae Rd.","65054","Bremerhaven","Bremen","Germany",214),
  ("Ap #923-4026 Morbi Ave","983582","Serangoon","North-East Region","Singapore",105),
  ("5798 Lobortis Rd.","48655","Jayapura","Papua","Indonesia",417);
INSERT INTO `direccion` (`address`,`postal_zip`,`city`,`state`,`country`,`customer_id`)
VALUES
  ("P.O. Box 742, 162 Mauris Street","157468","Paya Lebar","East Region","Singapore",357),
  ("Ap #585-7656 Eu Road","0413-7577","Klerksdorp","North West","South Africa",121),
  ("P.O. Box 304, 2714 Adipiscing. St.","4186","Calbayog","Eastern Visayas","Philippines",335),
  ("398-1172 Aptent St.","8858","Canning","Western Australia","Australia",205),
  ("4257 Consectetuer St.","19483","Spokane","Washington","United States",119),
  ("935-2634 Nulla St.","80598-132","Cascavel","Paran","Brazil",495),
  ("830-6277 A Road","98826","Senftenberg","Brandenburg","Germany",416),
  ("Ap #499-8975 At St.","28142","Metairie","Louisiana","United States",230),
  ("Ap #612-8186 Ligula Rd.","32-54","Kamianets-Podilskyi","Khmelnytskyi oblast","Ukraine",342),
  ("6429 Et, Rd.","64-131","Kielce","Switokrzyskie","Poland",411);
INSERT INTO `direccion` (`address`,`postal_zip`,`city`,`state`,`country`,`customer_id`)
VALUES
  ("P.O. Box 824, 9782 At, St.","22823","Vagli Sotto","Toscana","Italy",206),
  ("6726 Et, Ave","5507","Cabuyao","Calabarzon","Philippines",460),
  ("Ap #352-1046 Convallis Street","166879","Solvychegodsk","Arkhangelsk Oblast","Russian Federation",327),
  ("397-3507 Augue Rd.","8672","Neunkirchen","Lower Austria","Austria",296),
  ("182-8112 Hendrerit Rd.","5632","Morrinsville","North Island","New Zealand",237),
  ("Ap #996-2573 Urna Rd.","03583","Ajaccio","Corse","France",372),
  ("P.O. Box 936, 8046 Quisque St.","9894 SC","Geertruidenberg","Noord Brabant","Netherlands",408),
  ("736-255 Dapibus Road","51701","Liberia","Guanacaste","Costa Rica",182),
  ("Ap #176-8434 Augue, St.","8386-1341","Mmabatho","North West","South Africa",356),
  ("Ap #283-972 Lacinia Street","30206","Silifke","Mersin","Turkey",366);
INSERT INTO `direccion` (`address`,`postal_zip`,`city`,`state`,`country`,`customer_id`)
VALUES
  ("384-4005 Cubilia Rd.","7475","Invercargill","South Island","New Zealand",312),
  ("707-5409 Fermentum Av.","3595","Devonport","Tasmania","Australia",470),
  ("317-3892 Et Ave","71142","Pescantina","Veneto","Italy",160),
  ("907-4224 Varius St.","67337","Memphis","Tennessee","United States",358),
  ("Ap #173-3712 Vestibulum, St.","85324-40667","Tijuana","Baja California","Mexico",457),
  ("Ap #590-9060 Sollicitudin Road","75-35","Uzhhorod","Zakarpattia oblast","Ukraine",481),
  ("884-6887 Nulla Rd.","33797-78078","Soledad de Graciano Snchez","San Luis Potos","Mexico",446),
  ("8166 Aliquet Ave","4780","Dublin","Leinster","Ireland",354),
  ("P.O. Box 571, 1235 Dictum Rd.","658118","Silvassa","Dadra and Nagar Haveli","India",370),
  ("Ap #486-753 Nec Av.","9756","krehamn","Rogaland","Norway",245);
INSERT INTO `direccion` (`address`,`postal_zip`,`city`,`state`,`country`,`customer_id`)
VALUES
  ("Ap #846-9672 Suspendisse Avenue","H7X 7R3","Carleton","Quebec","Canada",344),
  ("2718 Urna. Rd.","2863","Oberwart","Burgenland","Austria",119),
  ("5253 Eu, Av.","476684","Paz de Ariporo","Casanare","Colombia",449),
  ("2998 Ultrices St.","26535","Chepn","La Libertad","Peru",219),
  ("P.O. Box 646, 8627 Nam Street","1155","Ashburton","South Island","New Zealand",483),
  ("P.O. Box 350, 452 Neque Avenue","CD5H 6DU","Montrose","Angus","United Kingdom",164),
  ("P.O. Box 323, 6698 Quam St.","29134","Yurimaguas","Loreto","Peru",303),
  ("847 Amet, Street","7106","Odda","Vestland","Norway",154),
  ("Ap #711-7523 Mi St.","418187","Owerri","Imo","Nigeria",113),
  ("855-8901 Donec St.","65289-504","Bacabal","Maranho","Brazil",217);

INSERT INTO `direccion` (`address`,`postal_zip`,`city`,`state`,`country`,`employee_id`)
VALUES
  ("Ap #158-4073 Enim Street","39635","Hudiksvall","Gvleborgs ln","Sweden",455),
  ("Ap #581-9647 Pretium Ave","45217","vila","Castilla y Len","Spain",410),
  ("8881 Fusce Road","56682","Falun","Dalarnas ln","Sweden",350),
  ("P.O. Box 375, 1168 Cum Av.","P5 0VN","Tranent","East Lothian","United Kingdom",138),
  ("P.O. Box 302, 5160 Lorem Avenue","62644","Springfield","Massachusetts","United States",250),
  ("3906 Justo. St.","7706","Christchurch","South Island","New Zealand",488),
  ("313-4688 Sit Av.","975648","Sokoto","Sokoto","Nigeria",132),
  ("Ap #217-2902 Pharetra St.","472014","Muzaffargarh","Punjab","Pakistan",352),
  ("1562 Nisl. St.","4617","Westport","South Island","New Zealand",128),
  ("Ap #695-2116 Vivamus Av.","289363","Heilongjiang","Dngbi","China",176);
INSERT INTO `direccion` (`address`,`postal_zip`,`city`,`state`,`country`,`employee_id`)
VALUES
  ("319-4700 Laoreet Rd.","2444","Ballarat","Victoria","Australia",421),
  ("Ap #175-9849 Ut Street","572224","Tibet","Xnn","China",328),
  ("Ap #610-5612 Commodo Street","68218","Antibes","Provence-Alpes-Cte d'Azur","France",147),
  ("843-3245 Molestie Av.","4422-8684","Constantia","Western Cape","South Africa",137),
  ("560-4622 Ut Ave","54316","mamolu","Adana","Turkey",260),
  ("P.O. Box 346, 5985 Tincidunt. Street","521082","Tierra Amarilla","Atacama","Chile",332),
  ("Ap #744-3992 Est St.","2885","Verdalsra","Trndelag","Norway",328),
  ("P.O. Box 420, 9678 Augue St.","96217","Angers","Pays de la Loire","France",463),
  ("418-2601 Magna. Road","5901","Matamata","North Island","New Zealand",436),
  ("852-1547 Nec, Road","752155","Naushahro Firoze","Sindh","Pakistan",101);
INSERT INTO `direccion` (`address`,`postal_zip`,`city`,`state`,`country`,`employee_id`)
VALUES
  ("P.O. Box 833, 7533 Dolor, Street","5488","Heule","West-Vlaanderen","Belgium",133),
  ("558-5447 Dictum. Road","24018","Norrkping","stergtlands ln","Sweden",109),
  ("P.O. Box 686, 1356 Vivamus St.","576885","Zhob","Balochistan","Pakistan",370),
  ("1380 Dictum. Road","658423","Cartagena del Chair","Caquet","Colombia",144),
  ("1088 Eget St.","8371","Panabo","Davao Region","Philippines",237),
  ("P.O. Box 398, 4026 A St.","30258","Ciudad Real","Castilla - La Mancha","Spain",330),
  ("P.O. Box 115, 6361 Arcu. Rd.","JJ3 8VT","Fort William","Inverness-shire","United Kingdom",496),
  ("Ap #747-3493 Nec, Road","56549","South Bend","Indiana","United States",221),
  ("291-8806 Cursus St.","T4X 4M9","Rimbey","Alberta","Canada",214),
  ("689-7570 Parturient Street","RH6F 7YQ","Holyhead","Anglesey","United Kingdom",329);
INSERT INTO `direccion` (`address`,`postal_zip`,`city`,`state`,`country`,`employee_id`)
VALUES
  ("Ap #749-2216 Metus. Road","TL2 6FK","Galashiels","Selkirkshire","United Kingdom",417),
  ("7481 Cras Avenue","85374","Berlin","Berlin","Germany",258),
  ("599-1798 Amet Road","2939","Hawera","North Island","New Zealand",379),
  ("Ap #993-1971 Lectus St.","2699","Wals-Siezenheim","Salzburg","Austria",149),
  ("770-3171 Orci. Street","51322","Norfolk","Virginia","United States",210),
  ("319-4909 Aliquam Rd.","2275-8448","Nelspruit","Mpumalanga","South Africa",142),
  ("Ap #636-1688 Tristique St.","47883","Edremit","Balkesir","Turkey",466),
  ("P.O. Box 670, 3695 Enim Ave","583658","El Tambo","Cauca","Colombia",207),
  ("293-4761 Placerat, Av.","86676-71216","Mrida","Yucatn","Mexico",474),
  ("P.O. Box 189, 8416 Purus. St.","53427","Gijn","Principado de Asturias","Spain",120);
INSERT INTO `direccion` (`address`,`postal_zip`,`city`,`state`,`country`,`employee_id`)
VALUES
  ("Ap #658-6484 Interdum Road","7924-5098","Hopefield","Western Cape","South Africa",440),
  ("Ap #289-6128 Euismod Rd.","7782","Koronadal","Soccsksargen","Philippines",318),
  ("960-4667 A Av.","11107","San Antonio","San Jos","Costa Rica",250),
  ("Ap #719-9549 Purus, Av.","31262","Montpellier","Languedoc-Roussillon","France",277),
  ("302-7078 Sem Av.","46M 0G8","Arviat","Nunavut","Canada",259),
  ("437-6403 Metus. St.","38541","Kansas City","Kansas","United States",349),
  ("Ap #419-7416 Nisi. St.","8383","Grivegne","Luik","Belgium",328),
  ("611-4975 Ipsum. Street","3388","Kemzeke","Oost-Vlaanderen","Belgium",181),
  ("1491 Ac Ave","781668","Mandai","North Region","Singapore",220),
  ("778-1158 Consequat Ave","Y8C 2V2","Watson Lake","Yukon","Canada",332);
INSERT INTO `direccion` (`address`,`postal_zip`,`city`,`state`,`country`,`employee_id`)
VALUES
  ("Ap #475-9188 Quam Rd.","4765","Urdaneta","Ilocos Region","Philippines",238),
  ("P.O. Box 168, 8999 Amet Rd.","741430","Jiangxi","Hudng","China",404),
  ("P.O. Box 302, 9396 Dis St.","58785","Gvle","Gvleborgs ln","Sweden",320),
  ("805-4229 Sit Rd.","7500","Bruckneudorf","Burgenland","Austria",360),
  ("P.O. Box 799, 5162 Dapibus Av.","536240","Sagamu","Ogun","Nigeria",429),
  ("536-2652 Varius Rd.","51850-29912","Oaxaca","Oaxaca","Mexico",198),
  ("Ap #755-3360 Ut Road","555112","Kohistan","Khyber Pakhtoonkhwa","Pakistan",340),
  ("249-8406 Bibendum. Ave","1327","Sankt Johann im Pongau","Salzburg","Austria",486),
  ("P.O. Box 334, 6211 Eu Street","341081","Dehradun","Uttarakhand","India",125),
  ("Ap #371-3323 Neque. Street","915142","Yn Ninh","Ninh Bnh","Vietnam",436);
INSERT INTO `direccion` (`address`,`postal_zip`,`city`,`state`,`country`,`employee_id`)
VALUES
  ("Ap #944-5314 A, St.","I7M 7GC","Walsall","Staffordshire","United Kingdom",179),
  ("Ap #839-4583 Cras Rd.","1138","Sale","Victoria","Australia",204),
  ("332-449 Vulputate, Road","3326","Mattersburg","Burgenland","Austria",414),
  ("P.O. Box 743, 7356 Risus. Av.","70811","Tarakan","North Kalimantan","Indonesia",440),
  ("Ap #569-7998 Fermentum Road","31-442","Chem","Lubelskie","Poland",305),
  ("P.O. Box 271, 2454 Morbi Ave","882714","Okigwe","Imo","Nigeria",104),
  ("618-3307 Ultrices Avenue","6816","Arsimont","Namen","Belgium",210),
  ("Ap #794-7657 Iaculis St.","551937","Sungei Kadut","North Region","Singapore",484),
  ("P.O. Box 787, 3140 Lobortis Avenue","934155","Haripur","Khyber Pakhtoonkhwa","Pakistan",457),
  ("2293 Integer Rd.","57771","Palembang","South Sumatra","Indonesia",301);
INSERT INTO `direccion` (`address`,`postal_zip`,`city`,`state`,`country`,`employee_id`)
VALUES
  ("Ap #672-8270 Porttitor Avenue","4628-2620","Polokwane","Limpopo","South Africa",234),
  ("Ap #199-3817 Dictum Av.","9422","Kerikeri","North Island","New Zealand",440),
  ("5238 Sed St.","6317","Flekkefjord","Agder","Norway",301),
  ("Ap #790-6556 Eros Street","61271-43182","Piedras Negras","Coahuila","Mexico",233),
  ("4516 Eu, St.","28567","Racine","Wisconsin","United States",168),
  ("974-2754 Ac Rd.","78192","Kotamobagu","North Sulawesi","Indonesia",273),
  ("P.O. Box 424, 5138 Eros Road","11264-95243","Nogales","Sonora","Mexico",315),
  ("Ap #872-9337 Convallis St.","66654-332","Camet","Par","Brazil",489),
  ("672-8874 A Rd.","00893","Alessandria","Piemonte","Italy",236),
  ("578-8672 Vestibulum Av.","758142","Hougang","North-East Region","Singapore",208);
INSERT INTO `direccion` (`address`,`postal_zip`,`city`,`state`,`country`,`employee_id`)
VALUES
  ("Ap #423-2984 Ante. Rd.","30-788","Ek","Warmisko-mazurskie","Poland",333),
  ("P.O. Box 656, 7125 Cum Road","268392","Imphal","Manipur","India",199),
  ("Ap #974-3631 Nec Avenue","6111","Gore","South Island","New Zealand",443),
  ("P.O. Box 532, 8024 Sit Road","33395","Pacasmayo","La Libertad","Peru",185),
  ("6110 Imperdiet Av.","39911598","Juiz de Fora","Minas Gerais","Brazil",327),
  ("800-9592 Venenatis Ave","1418","Leirvik","Vestland","Norway",267),
  ("5132 Montes, Ave","63851","Tire","zmir","Turkey",352),
  ("6643 Duis St.","63-88","Boryspil","Kyiv oblast","Ukraine",468),
  ("Ap #593-3080 Dolor. St.","37215","Wiesbaden","Hessen","Germany",272),
  ("Ap #141-834 Vehicula St.","08569","Ulsan","South Gyeongsang","South Korea",209);
INSERT INTO `direccion` (`address`,`postal_zip`,`city`,`state`,`country`,`employee_id`)
VALUES
  ("424-4609 Est. Ave","562988","Hougang","North-East Region","Singapore",163),
  ("P.O. Box 617, 963 Dolor. Avenue","784738","North Waziristan","FATA","Pakistan",107),
  ("5514 Lobortis Avenue","778831","Ranchi","Jharkhand","India",464),
  ("9646 Leo. Ave","6492 SH","Gorinchem","Zuid Holland","Netherlands",242),
  ("9943 Sit Av.","13186","Jecheon","North Chungcheong","South Korea",288),
  ("P.O. Box 167, 8435 In St.","B2L 5T5","Pugwash","Nova Scotia","Canada",475),
  ("504-2291 Dis St.","60356","Istanbul","Istanbul","Turkey",245),
  ("813-3720 Metus Av.","744332","Miraflores","Guaviare","Colombia",377),
  ("331-8412 Eget Road","6134","Traiskirchen","Lower Austria","Austria",335),
  ("9319 Nec St.","3950 YT","Emmen","Drenthe","Netherlands",341);
INSERT INTO `direccion` (`address`,`postal_zip`,`city`,`state`,`country`,`employee_id`)
VALUES
  ("133-7424 Ut Rd.","37268","Puno","Puno","Peru",334),
  ("232 Nascetur Road","87454-753","Cascavel","Paran","Brazil",434),
  ("663-1726 Lobortis, Road","785391","Badin","Sindh","Pakistan",306),
  ("Ap #947-4339 Vestibulum Rd.","TT2R 7IM","Sandy","Bedfordshire","United Kingdom",147),
  ("Ap #313-2840 Diam. St.","67-66","Zhytomyr","Zhytomyr oblast","Ukraine",173),
  ("7392 Dolor St.","171621","Tver","Tver Oblast","Russian Federation",368),
  ("Ap #519-2988 Phasellus Ave","4657 XE","Amersfoort","Utrecht","Netherlands",151),
  ("538-9090 Torquent Rd.","721282","Soledad","Atlntico","Colombia",291),
  ("Ap #667-7053 Lacinia. Street","5452","Canberra","Australian Capital Territory","Australia",377),
  ("768-1911 Proin Road","29436","Montbliard","Franche-Comt","France",361);
INSERT INTO `direccion` (`address`,`postal_zip`,`city`,`state`,`country`,`employee_id`)
VALUES
  ("468-1205 Semper Av.","62-746","Gliwice","Slskie","Poland",166),
  ("Ap #843-2696 Imperdiet, Av.","34744","Mlaga","Andaluca","Spain",462),
  ("P.O. Box 209, 9248 Donec Rd.","26196","Arequipa","Arequipa","Peru",314),
  ("Ap #576-5516 Vitae Road","21258","Gaziantep","Gaziantep","Turkey",481),
  ("Ap #352-4592 Eu Avenue","174661","Bahawalnagar","Punjab","Pakistan",194),
  ("380-9201 Donec St.","1113","Eigenbrakel","Waals-Brabant","Belgium",296),
  ("5566 Donec Ave","17187","Saint-Dizier","Champagne-Ardenne","France",336),
  ("3269 Cubilia Av.","73317","Clermont-Ferrand","Auvergne","France",251),
  ("Ap #916-3303 Urna. Ave","58628-524","Santa Rita","Paraba","Brazil",266),
  ("941-4246 Interdum. Avenue","214731","Iquique","Tarapac","Chile",426);
INSERT INTO `direccion` (`address`,`postal_zip`,`city`,`state`,`country`,`employee_id`)
VALUES
  ("Ap #855-1334 Eleifend Road","52980","Ergani","Diyarbakr","Turkey",173),
  ("881-6444 Tellus Avenue","839981","Shanxi","Hubi","China",196),
  ("P.O. Box 757, 523 Ipsum St.","R8N 8J0","Beausejour","Manitoba","Canada",345),
  ("345-1176 Mauris Rd.","2336","Cauayan","Cagayan Valley","Philippines",386),
  ("P.O. Box 843, 5523 Adipiscing Rd.","777492","Xinjiang","Xbi","China",388),
  ("250-4551 Libero. St.","612535","Tibet","Xnn","China",205),
  ("Ap #297-2526 Quam Street","55112","Dole","Franche-Comt","France",407),
  ("Ap #841-7660 Pharetra. Avenue","5748","Cork","Munster","Ireland",446),
  ("205-1862 Aliquet, Road","7927","Galway","Connacht","Ireland",414),
  ("209 Parturient St.","FY8 8DX","Cambridge","Cambridgeshire","United Kingdom",449);
INSERT INTO `direccion` (`address`,`postal_zip`,`city`,`state`,`country`,`employee_id`)
VALUES
  ("Ap #540-5331 Est Rd.","0512","Stavanger","Rogaland","Norway",117),
  ("P.O. Box 974, 6840 Nascetur St.","47875-18403","Mexico City","Mexico City","Mexico",239),
  ("849-2739 Non Rd.","78281","Mora","Dalarnas ln","Sweden",348),
  ("Ap #553-478 Ac Rd.","7774","Oroquieta","Northern Mindanao","Philippines",173),
  ("9411 Quis Rd.","51308","Nicoya","Guanacaste","Costa Rica",125),
  ("Ap #304-9591 Vestibulum Ave","04737","Osan","Gyeonggi","South Korea",197),
  ("419-3702 Eu Street","8544","Dunedin","South Island","New Zealand",242),
  ("280-7212 Arcu St.","91477-09698","San Juan del Ro","Quertaro","Mexico",119),
  ("Ap #354-3941 Velit Road","170686","Tver","Tver Oblast","Russian Federation",398),
  ("P.O. Box 330, 6906 Dis Avenue","581250","Agartala","Tripura","India",239);
INSERT INTO `direccion` (`address`,`postal_zip`,`city`,`state`,`country`,`employee_id`)
VALUES
  ("P.O. Box 516, 4163 Penatibus St.","33605","Lidingo","Stockholms ln","Sweden",287),
  ("P.O. Box 256, 1582 Ipsum Rd.","3818","Oostkerk","Waals-Brabant","Belgium",359),
  ("Ap #573-8702 Donec Avenue","2198-7707","Umlazi","KwaZulu-Natal","South Africa",164),
  ("102-1373 Consequat, Road","2962","Cork","Munster","Ireland",341),
  ("124-1988 At, Ave","3818","Cotabato City","Bangsamoro","Philippines",499),
  ("Ap #868-3772 Lobortis Avenue","05143","Neunkirchen","Saarland","Germany",168),
  ("P.O. Box 678, 1454 Quis Av.","26582","Tebing Tinggi","North Sumatra","Indonesia",474),
  ("Ap #626-7605 Ligula. Rd.","9544 UP","Assen","Drenthe","Netherlands",187),
  ("4355 Pharetra Av.","Y7R 0E2","Whitehorse","Yukon","Canada",216),
  ("881-8582 Natoque St.","1976 KF","Bolsward","Friesland","Netherlands",336);
INSERT INTO `direccion` (`address`,`postal_zip`,`city`,`state`,`country`,`employee_id`)
VALUES
  ("Ap #748-9585 A Rd.","10356","Chuncheon","Gangwon","South Korea",272),
  ("335-7348 Pede Street","1573 YA","Tilburg","Noord Brabant","Netherlands",331),
  ("P.O. Box 119, 2767 Aliquam Rd.","50422","Indianapolis","Indiana","United States",384),
  ("471-2358 A, Rd.","984866","Woodlands","North Region","Singapore",226),
  ("720-2253 In Av.","3281 JE","Lanaken","Limburg","Netherlands",156),
  ("255-2486 Aptent Road","96148","Le Havre","Haute-Normandie","France",493),
  ("Ap #610-6426 Amet Road","723742","Antofagasta","Antofagasta","Chile",408),
  ("P.O. Box 337, 1914 Orci, St.","52-382","Krakw","Maopolskie","Poland",115),
  ("829-799 Quisque St.","55742","Borlnge","Dalarnas ln","Sweden",359),
  ("Ap #588-3203 Adipiscing Avenue","T4P 3L5","Airdrie","Alberta","Canada",199);
INSERT INTO `direccion` (`address`,`postal_zip`,`city`,`state`,`country`,`employee_id`)
VALUES
  ("Ap #578-6052 Mauris Road","24-83","Lutsk","Volyn oblast","Ukraine",324),
  ("P.O. Box 144, 9668 Magnis Ave","07743","Polatl","Ankara","Turkey",195),
  ("967-5044 Purus Rd.","398718","Lipetsk","Lipetsk Oblast","Russian Federation",181),
  ("728-3229 Dis Av.","5681-3798","Mahikeng","North West","South Africa",296),
  ("839-7577 Mauris St.","213948","Sagrada Familia","Maule","Chile",148),
  ("Ap #547-3154 Aenean Road","71-722","Wrocaw","Dolnolskie","Poland",208),
  ("977-3210 Nunc. Rd.","633258","North-Eastern Islands","North-East Region","Singapore",298),
  ("132-3898 Amet, St.","179367","Ambala","Haryana","India",100),
  ("P.O. Box 568, 9779 Purus St.","845758","Pacoa","Vaups","Colombia",467),
  ("4634 Etiam St.","47-465","Chem","Lubelskie","Poland",150);
INSERT INTO `direccion` (`address`,`postal_zip`,`city`,`state`,`country`,`employee_id`)
VALUES
  ("Ap #420-8629 Non, St.","8873","Assebroek","West-Vlaanderen","Belgium",473),
  ("Ap #120-6802 Quis, Ave","08551","Vallentuna","Stockholms ln","Sweden",423),
  ("Ap #327-160 Ornare. Rd.","2025 OD","Emmen","Drenthe","Netherlands",252),
  ("P.O. Box 710, 5048 Lobortis Av.","72002","Banda Aceh","Aceh","Indonesia",389),
  ("Ap #159-9419 Erat. Street","581493","Bc Liu","Bc Liu","Vietnam",163),
  ("1719 Neque Ave","7715","Vienna","Vienna","Austria",156),
  ("Ap #916-9528 Posuere Rd.","18021-11566","Tonal","Jalisco","Mexico",203),
  ("376-3039 Eu Road","301254","Tula","Tula Oblast","Russian Federation",248),
  ("4378 Senectus Avenue","96531","Nampa","Idaho","United States",298),
  ("Ap #873-6440 Duis Street","70274","Badajoz","Extremadura","Spain",258);
INSERT INTO `direccion` (`address`,`postal_zip`,`city`,`state`,`country`,`employee_id`)
VALUES
  ("P.O. Box 888, 8013 Fringilla Rd.","0591-3888","Sasolburg","Free State","South Africa",299),
  ("476-4380 Gravida. Avenue","23402","Mala","Lima","Peru",398),
  ("356-3170 Nunc Rd.","912654","Hu","Tha ThinHu","Vietnam",363),
  ("121-1079 Nec Rd.","342821","Santa Marta","Magdalena","Colombia",401),
  ("933-308 Ut Rd.","96338-441","Gravata","Rio Grande do Sul","Brazil",386),
  ("Ap #581-5567 Sit Rd.","7741-7314","Springs","Gauteng","South Africa",243),
  ("403-781 Ac St.","24013-25906","Irapuato","Guanajuato","Mexico",182),
  ("P.O. Box 353, 965 Ac Avenue","585914","Palena","Los Lagos","Chile",271),
  ("322-625 Amet Rd.","1665","Upper Hutt","North Island","New Zealand",315),
  ("Ap #176-9451 Lacus. Avenue","22979","Probolinggo","East Java","Indonesia",319);
INSERT INTO `direccion` (`address`,`postal_zip`,`city`,`state`,`country`,`employee_id`)
VALUES
  ("703-4577 Fusce Road","63669-639","Sobral","Cear","Brazil",302),
  ("P.O. Box 600, 3256 Mattis Av.","4533","Dublin","Leinster","Ireland",206),
  ("9104 Amet St.","687581","Sapele","Delta","Nigeria",329),
  ("8008 Vitae Avenue","10718","Gwangyang","South Jeolla","South Korea",346),
  ("Ap #608-2808 Ut Road","5415","Chantemelle","Luxemburg","Belgium",185),
  ("Ap #992-8998 Et, Rd.","5828","Marawi","Bangsamoro","Philippines",395),
  ("6452 Neque Avenue","571168","Negrete","Biobo","Chile",201),
  ("P.O. Box 640, 5836 Morbi Avenue","398274","Lipetsk","Lipetsk Oblast","Russian Federation",287),
  ("Ap #625-9502 Odio, St.","379219","Okene","Kogi","Nigeria",316),
  ("P.O. Box 761, 9145 Pede, Avenue","772884","Sengkang","North-East Region","Singapore",320);


ALTER TABLE cuenta
ADD COLUMN type TEXT NOT NULL DEFAULT 'Caja de ahorro en pesos';

UPDATE cuenta
SET type = 'Cuenta Corriente'
WHERE account_id IN (SELECT account_id FROM tipo_cuenta WHERE ac_type = 'Cuenta Corriente');

UPDATE cuenta
SET type = 'Caja de ahorro en dlares'
WHERE account_id IN (SELECT account_id FROM tipo_cuenta WHERE ac_type = 'Caja de ahorro en dlares');
 
UPDATE empleado
set employee_hire_date = DATE(substr(employee_hire_date,7,4) ||'-' ||substr(employee_hire_date,4,2) ||'-' ||substr(employee_hire_date,1,2));


-- Problematica 2
 
create view cliente_edad as 
select customer_id, branch_id, customer_name, customer_surname, customer_DNI, cast(strftime('%Y.%m%d', 'now') - strftime('%Y.%m%d', dob) as int) as customer_age
from cliente;


select customer_id, branch_id, customer_name, customer_surname, customer_DNI,customer_age
from cliente_edad
where customer_age > 40
order by customer_DNI ASC;

select customer_id, branch_id, customer_name, customer_surname, customer_DNI,customer_age
from cliente_edad
where customer_name = "Anne" or customer_name = "Tyler"
order by customer_age ASC;
 
insert into tipo_cliente (cu_type)
values ('CLASSIC'),('CLASSIC'),('CLASSIC'),('CLASSIC'),('CLASSIC');

insert into cliente(customer_type_id, customer_name, customer_surname, customer_DNI, branch_id, dob)
values 
(501,"Lois", "Stout", "47730534", 80, "1984-07-07"),
(502,"Hall", "Mcconnell", "52055464", 45, "1968-04-30"),
(503,"Hilel", "Mclean", "43625213", 77, "1993-03-28"),
(504,"Jin", "Cooley", "21207908", 96, "1959-08-24"),
(505,"Gabriel", "Harmon", "57063950", 27, "1976-04-01");

update cliente
set branch_id = 10
where customer_DNI in ("47730534", "52055464", "43625213", "21207908", "57063950");

delete from cliente 
where customer_name = "Noel" and customer_surname = "David";

select loan_type
from prestamo
where loan_total = (select MAX(loan_total)from prestamo);

-- Problematica 3 

-- 1: Selecciona las cuentas con saldo negativo
SELECT *
from cuenta
where balance < 0;

-- 2: Selecciona  el nombre, apellido y edad de los clientes que tengan en el apellido la letra Z
SELECT cliente.customer_name, cliente.customer_surname as Apellido_Cliente, customer_age as Edad_Cliente
from cliente_edad
INNER JOIN cliente on cliente_edad.customer_id = cliente.customer_id
WHERE Apellido_Cliente like "%z%";

-- 3: Seleccionar el nombre, apellido, edad y nombre de sucursal de las personas cuyo nombre sea Brendan y el resultado ordenarlo por nombre de sucursal
SELECT customer_name as Nombre_Cliente,customer_surname as Apellido_Cliente, customer_age as Edad_Cliente, sucursal.branch_name as Nombre_Sucursal
from cliente_edad
INNER JOIN sucursal on cliente_edad.branch_id = sucursal.branch_id
WHERE Nombre_Cliente = "Brendan"
ORDER by branch_name;

-- 4: Selecciona de la tabla de prestamos, los prestamos con un importe mayor a $80.000 y los prestamos prendarios
SELECT * 
FROM prestamo
WHERE loan_total > 8000000 
UNION
SELECT * 
FROM prestamo
WHERE loan_type = "PRENDARIO";

-- 5: Selecciona los prestamos cuyo importe sea mayor que el importe medio de todos los prestamos
SELECT *
FROM prestamo
WHERE loan_total > (SELECT avg(loan_total) FROM prestamo);

-- 6: Cuenta la cantidad de clientes menores a 50 anos
SELECT count(customer_id) as ClienteMenor50
from cliente_edad 
where customer_age < 50;

-- 7: Selecciona Seleccionar las primeras 5 cuentas con saldo mayor a 8.000$
SELECT *
FROM cuenta 
WHERE balance > 800000 
ORDER BY account_id 
LIMIT 5;

-- 8: Selecciona los prestamos que tengan fecha en abril, junio y agosto, ordenandolos por importe
SELECT strftime('%d-%m-%Y', loan_date) as date, loan_total
FROM prestamo
where strftime('%m', loan_date) in ('04','06','08')
order by loan_total DESC;

-- 9: Obtiene el importe total de los prestamos agrupados por tipo de prestamos.
select  loan_type, sum(loan_total) as loan_total_accu
from prestamo
group by loan_type;

-- Problematica 4

-- 1: Devuelve la cantidad de clientes por nombre de sucursal ordenando de mayor a menor
SELECT count(cliente.customer_id) as Cantidad_Clientes, sucursal.branch_name
FROM cliente 
INNER JOIN sucursal on cliente.branch_id = sucursal.branch_id
GROUP BY sucursal.branch_id
ORDER BY Cantidad_Clientes DESC;

-- 2: Anexa a la tabla sucursal una columna con la cantidad de empleados por cliente de cada sucursal

CREATE VIEW c_cl AS 
  SELECT sucursal.branch_id, sucursal.branch_name,count(cliente.customer_id) as Cantidad_Clientes
  FROM cliente 
  INNER JOIN sucursal on cliente.branch_id = sucursal.branch_id
  GROUP BY sucursal.branch_id
  ORDER BY sucursal.branch_id;

CREATE VIEW c_emp_x_cl AS
  SELECT c_cl.branch_id, branch_name, round((Cantidad_Clientes*1.0)/(count(empleado.employee_id)),2) as Cant_Empleados_por_cliente
  FROM c_cl
  INNER JOIN empleado ON empleado.branch_id = c_cl.branch_id
  GROUP BY c_cl.branch_id
  ORDER BY c_cl.branch_id;


ALTER TABLE sucursal 
ADD COLUMN employee_amnt_per_client REAL NOT NULL DEFAULT 0.0;

 
UPDATE sucursal 
SET employee_amnt_per_client = (SELECT Cant_Empleados_por_cliente FROM c_emp_x_cl WHERE branch_id = sucursal.branch_id)
WHERE branch_id IN(SELECT branch_id FROM c_emp_x_cl);


DROP VIEW c_cl;
DROP VIEW c_emp_x_cl;

-- 3: Anexa a la tabla sucursal dos columnas con la cantidad de tarjetas de cada tipo emitidas por sucursal

CREATE VIEW c_t_credit_x_s AS 
  SELECT count(account_id) as Cantidad_Tarjetas, card_type, cliente.branch_id
  FROM tarjeta
  INNER JOIN cliente ON cliente.customer_id = tarjeta.customer_id
  GROUP BY cliente.branch_id
  HAVING tarjeta.card_type = 'credit'
  ORDER by cliente.branch_id;

CREATE VIEW c_t_dedit_x_s AS  
  SELECT count(account_id) as Cantidad_Tarjetas, card_type, cliente.branch_id
  FROM tarjeta
  INNER JOIN cliente ON cliente.customer_id = tarjeta.customer_id
  GROUP BY cliente.branch_id
  HAVING tarjeta.card_type = 'debit'
  ORDER by cliente.branch_id;
    

ALTER TABLE sucursal 
ADD COLUMN given_credit_cards INTEGER NOT NULL DEFAULT 0;

ALTER TABLE sucursal
ADD COLUMN given_dedit_cards INTEGER NOT NULL DEFAULT 0;


UPDATE sucursal 
SET given_credit_cards = (SELECT Cantidad_Tarjetas FROM c_t_credit_x_s WHERE branch_id = sucursal.branch_id)
WHERE branch_id IN(SELECT branch_id FROM c_t_credit_x_s);

UPDATE sucursal
SET given_dedit_cards = (SELECT Cantidad_Tarjetas FROM c_t_dedit_x_s WHERE branch_id = sucursal.branch_id)
WHERE branch_id IN(SELECT branch_id FROM c_t_dedit_x_s);

DROP VIEW c_t_credit_x_s;
DROP VIEW c_t_dedit_x_s;


-- 4: Anexa a la tabla sucursal una columna con la cantidad de prestamos emitidos por sucursal

CREATE VIEW esquema_prestamos AS 
SELECT branch_id, CLIENTE.customer_id, prestamo.loan_id FROM CLIENTE
LEFT JOIN prestamo
ON cliente.customer_id = prestamo.customer_id
order by branch_id;

CREATE VIEW diagrama_prestamos AS
SELECT esquema_prestamos.branch_id, count(loan_id) AS cant_prestamos, count(cliente.customer_id) AS cant_clientes
from esquema_prestamos 
INNER JOIN cliente on esquema_prestamos.branch_id = cliente.branch_id
group by esquema_prestamos.branch_id;

CREATE VIEW diagrama_promedio AS
SELECT branch_id, CAST(round((((cant_prestamos*1.0)/cant_clientes)*100),1)as TEXT) || '%' as promedio from diagrama_prestamos;


ALTER TABLE sucursal 
ADD COLUMN average_given_loans TEXT NOT NULL DEFAULT '0%';


UPDATE sucursal 
SET average_given_loans = (SELECT promedio FROM diagrama_promedio WHERE branch_id = sucursal.branch_id)
WHERE branch_id IN(SELECT branch_id FROM diagrama_promedio);


DROP VIEW diagrama_prestamos;
DROP VIEW diagrama_promedio;
DROP VIEW esquema_prestamos;

-- 5: Crea tabla auditoria y trigger que al activarse registrara en la tabla los movimientos
CREATE TABLE auditoria_cuenta ( 
  id INTEGER PRIMARY KEY AUTOINCREMENT,
  old_id INT,
  new_id INT, 
  old_balance INT, 
  new_balance INT, 
  old_iban TEXT, 
  new_iban TEXT, 
  old_type TEXT, 
  new_type TEXT, 
  user_action TEXT, 
  created_at TEXT
);


CREATE TRIGGER registro_movimientos_cuenta AFTER UPDATE ON cuenta 
WHEN old.balance<>new.balance OR old.iban<>new.iban OR old.type<>new.type
BEGIN
  INSERT INTO auditoria_cuenta (old_id,new_id,old_balance,new_balance, old_iban, new_iban, old_type, new_type, user_action, created_at)
  VALUES (old.account_id, new.account_id, old.balance, new.balance, old.iban, new.iban, old.type, new.type, 'UPDATE', datetime('NOW'));
END;


UPDATE cuenta 
SET balance = balance - 10000
WHERE account_id IN (10,11,12,13,14);

-- 6: Crear indice para DNI en la tabla Cliente
create unique index index_dni on cliente (customer_DNI);

-- 7: Crear tabla movimientos, hacer una transferencia y registrarlo en la tabla movimientos
CREATE TABLE movimientos (
  movement_id INTEGER PRIMARY KEY AUTOINCREMENT,
  no_account INTEGER NOT NULL,
  amount INTEGER NOT NULL,
  type_operation TEXT NOT NULL,
  hour DATE NOT NULL
);

COMMIT;
begin TRANSACTION;

update or ROLLBACK cuenta
set balance = balance - 1000
where account_id = 200;

update or ROLLBACK cuenta 
set balance = balance + 1000
where account_id = 400;

insert or ROLLBACK into movimientos(no_account, amount, type_operation, hour)
values(200, -1000, "Transfer", time("now"));

insert or ROLLBACK into movimientos(no_account, amount, type_operation, hour)
values(400, 1000, "Transfer", time("now"));

COMMIT;
